self.step_no	last_rec.d_sum_lo	last_rec.d_sqr_sum_lo	last_rec.d_sum_hi	last_rec.d_sqr_sum_hi	last_rec.n	self.evaluation_start_index	n	s[0]	s[1]	s2[0]	s2[1]	decision	p_value	d0	d1	math.sqrt(s0)	math.sqrt(s1)
0	1.0859951972961426	0.5318396799350467	1.0859951972961426	0.5318396799350467	10	0	1	1.0859951972961426	1.0859951972961426	1.1793855685502876	1.1793855685502876	None	None	None	None	None	None
1	0.48265600204467773	0.5423795324304592	0.48265600204467773	0.5423795324304592	10	0	2	1.5686511993408203	1.5686511993408203	1.4123423848600396	1.4123423848600396	None	None	None	None	None	None
2	0.41199159622192383	0.48084123303976867	0.4119720458984375	0.48084997569856114	10	0	3	1.9806427955627441	1.9806232452392578	1.5820794602175283	1.582063351461784	0	0.4999377372521943	0.4473237991333008	0.4473140239715576	0.03533220291137695	0.03534197807312012
3	1.0295312404632568	0.6603283741199562	1.0295312404632568	0.6603283741199562	10	0	4	3.010174036026001	3.0101544857025146	2.6420140353073407	2.6419979265515963	0	0.4999913205857818	0.6413929462432861	0.6413864294687907	0.19513829808844302	0.19514212866572261
4	-0.005713701248168945	0.3332710935449654	-0.005713701248168945	0.3332710935449654	10	0	5	3.004460334777832	3.0044407844543457	2.642046681689294	2.6420305729335496	0	0.4999938299393526	0.47961628437042236	0.4796113967895508	0.21262917489647068	0.21262969310156063
5	0.8997552394866943	0.30981552836277615	0.8997747898101807	0.3098200276037346	10	0	6	3.9042155742645264	3.9042155742645264	3.4516061726730527	3.4516252453115044	0	0.5	0.5636440753936768	0.5636440753936768	0.18489826736489462	0.18490084614858485
6	0.9868254661560059	0.21685460584433258	0.9868254661560059	0.21685460584433258	10	0	7	4.891041040420532	4.891041040420532	4.425430673327071	4.425449745965523	0	0.5	0.6341743071873983	0.6341743071873983	0.16663160898591878	0.1666335166401141
7	1.0161526203155518	0.39815352915007907	1.0161526203155518	0.39815352915007907	10	0	8	5.907193660736084	5.907193660736084	5.457996821101233	5.4580158937396845	0	0.5	0.6887426376342773	0.6887426376342773	0.15103187193460627	0.15103337528675784
8	1.2676475048065186	0.491932438429842	1.2676670551300049	0.4919371927574616	10	0	9	7.1748411655426025	7.174860715866089	7.064927017543425	7.064995656401663	0	0.4999954759460686	0.7611057460308075	0.7611081898212433	0.14948039741672303	0.14948271967424018
9	0.7189066410064697	0.5420907345749697	0.718926191329956	0.54209602996076	10	0	10	7.893747806549072	7.893786907196045	7.5817537760266305	7.58185052498186	0	0.4999908627858247	0.7564169565836588	0.7564213010999892	0.13191267616678484	0.13191465536534558
10	1.1056361198425293	0.5653228810697328	1.105616569519043	0.5653208313244704	10	0	11	8.999383926391602	8.999403476715088	8.804185005527074	8.804238523776917	0	0.49999558331007843	0.7913388729095459	0.7913408279418945	0.12304594079716197	0.1230469601208777
11	0.5744636058807373	0.24750568079360846	0.5744636058807373	0.24750568079360846	10	0	12	9.573847532272339	9.573867082595825	9.134193440008573	9.134246958258416	0	0.49999562234794703	0.7716229395432905	0.7716247168454257	0.11303202693100953	0.11303296581060328
12	0.7856647968292236	0.31715209423708757	0.7856452465057373	0.31715338906082025	10	0	13	10.359512329101562	10.359512329101562	9.751462612985279	9.751485411615477	0	0.5	0.7727930943171183	0.7727930943171183	0.10319028631112409	0.10319112319316619
13	-0.18287134170532227	0.30279890723682	-0.18285179138183594	0.30280505489713505	10	0	14	10.17664098739624	10.176660537719727	9.784904540602383	9.784920189227023	0	0.499996504635024	0.6992804453923152	0.6992819492633526	0.1200589634797858	0.12005865130043872
14	0.7352738380432129	0.5727764798543831	0.7353129386901855	0.5727992048102806	10	0	15	10.911914825439453	10.911973476409912	10.32553215751318	10.32560530703222	0	0.49998947641888003	0.7018514020102364	0.7018555913652692	0.11118273054273047	0.11118250372901262
15	-0.11235284805297852	0.42280789890082815	-0.11237239837646484	0.42279859836639844	10	0	16	10.799561977386475	10.799601078033447	10.338155319978796	10.338232862949098	0	0.4999937663091185	0.6475711186726888	0.647573725382487	0.11687487092620413	0.11687541896665463
16	0.8058686256408691	0.3012571534967492	0.8058490753173828	0.30125184741825706	10	0	17	11.605430603027344	11.60545015335083	10.9875795617711	10.98762559513898	0	0.49999688693036526	0.6574647128582001	0.657465934753418	0.1097731831012126	0.10977356885899495
17	0.45115208625793457	0.2176108354061057	0.45113277435302734	0.2176103056821148	10	0	18	12.056582689285278	12.056582927703857	11.191117766705986	11.191146375234439	0	0.49999996220114257	0.645328675999361	0.6453286900239832	0.10382567220882657	0.1038261732739715
18	0.05179762840270996	0.16796019597251188	0.05357480049133301	0.1678347452537423	10	0	19	12.108380317687988	12.11015772819519	11.193800761014131	11.194016634482125	0	0.49973231875271207	0.6123547289106581	0.612453473938836	0.10329229957121941	0.1032612719419048
19	0.5304198265075684	0.5454711279110143	0.5304200649261475	0.5454516479324525	10	0	20	12.638800144195557	12.640577793121338	11.47514595336645	11.475362079758384	0	0.49973201398467815	0.608042365626285	0.6081359260960629	0.09779985432851891	0.09777076249551626
20	0.15290987491607666	0.21489611163549682	0.15289032459259033	0.21489512189403115	10	0	21	12.791710019111633	12.793468117713928	11.4985273832133	11.498737531112411	0	0.4997421380797976	0.5852857410907746	0.5853736460208893	0.09553111700520289	0.0955056605300431
21	0.3351466655731201	0.2977313922871758	0.3351857662200928	0.2977234492038292	10	0	22	13.126856684684753	13.128653883934021	11.610850670658081	11.611087028988962	0	0.4997382221253005	0.5733743565423148	0.5734599374589466	0.09164558928104258	0.09162188295431908
22	-0.6070213317871094	0.2925977023712676	-0.6070408821105957	0.29259502528043413	10	0	23	12.519835352897644	12.521613001823425	11.979325567902677	11.979585661542572	0	0.49977903750234065	0.5197200070727955	0.5198008092966947	0.10253860547204374	0.10252184545363632
23	0.4335743188858032	0.2247870034566546	0.4336329698562622	0.2248130378550428	10	0	24	12.953409671783447	12.955245971679688	12.167312257899965	12.167623214088934	0	0.4997716130891573	0.5159745423690133	0.5160543814949368	0.09805059330456319	0.09803462704329265
24	1.1830270290374756	0.24634449352441834	1.182987928390503	0.24633698803080506	10	0	25	14.136436700820923	14.13823390007019	13.566865209333201	13.567083652806588	0	0.49978541407702004	0.5437683959801992	0.543843279282252	0.09790432698297258	0.0978882624805355
25	-0.20943379402160645	0.17586323544475135	-0.20763683319091797	0.17518699979837038	10	0	26	13.927002906799316	13.930597066879272	13.610727723411486	13.61019670730414	0	0.49959087984923833	0.513640308380127	0.5137840747833252	0.09862118598489543	0.09858548956134396
26	0.45774340629577637	0.1050431826592444	0.45772385597229004	0.10504219026091732	10	0	27	14.384746313095093	14.388320922851562	13.820256749418746	13.819707835630282	0	0.49959279608504326	0.5114904275307288	0.5116279125213623	0.09477655736620899	0.0947424129248504
27	0.6267876625061035	0.20179179632941668	0.6285452842712402	0.20243885596255495	10	0	28	15.011533975601196	15.016866207122803	14.213119523288611	14.214777010009897	0	0.4993926792950556	0.5157606954927798	0.5159581855491355	0.09129870506229172	0.09126871280717828
28	0.7596969604492188	0.09508048750387843	0.7596187591552734	0.09507550447176527	10	0	29	15.771230936050415	15.776484966278076	14.790258995004393	14.791797669270494	0	0.4994039773368181	0.5244727049555097	0.5246603488922119	0.088407935819848	0.08837820523309531
29	-0.025819778442382812	0.11888429418013402	-0.02398395538330078	0.11901437412529958	10	0	30	15.745411157608032	15.752501010894775	14.790925655963207	14.792372899386322	0	0.4992142240085419	0.5054971020797203	0.5057415797792632	0.08738995755461049	0.08734962807961145
30	-0.3290520906448364	0.12933072994071892	-0.3254779577255249	0.1297001935372606	10	0	31	15.416359066963196	15.42702305316925	14.899200934320945	14.8983088003515	0	0.4988764247867856	0.4776787956555684	0.4780342618624369	0.0888916711974648	0.0888199817425529
31	0.7002825736999512	0.16008591872764555	0.702040433883667	0.1598562657248408	10	0	32	16.116641640663147	16.129063487052917	15.389596617348772	15.391169571159068	0	0.49869486845640754	0.48485956268925823	0.48526026741150885	0.08627574191098608	0.08621042437299477
32	-0.25660276412963867	0.10571954917350013	-0.2548055648803711	0.10522449373445397	10	0	33	15.860038876533508	15.874257922172546	15.455441595907743	15.456095447053073	0	0.4985593869972589	0.4616888649761677	0.4621332101523876	0.08669005650684113	0.08661745331414322
33	0.43895435333251953	0.05448491004483458	0.4389934539794922	0.05449623814672577	10	0	34	16.298993229866028	16.31325137615204	15.648122520217314	15.648810699689918	0	0.49855458110299855	0.46099994038090564	0.4614320054198756	0.08402485295690452	0.08395458828113274
34	-0.05743145942687988	0.033978291691084905	-0.057460784912109375	0.03398240210970016	10	0	35	16.241561770439148	16.25579059123993	15.651420892749215	15.652112441492633	0	0.4985813624228301	0.4457519580336178	0.44617045276305256	0.08292992472285234	0.08286541928179865
35	0.13298797607421875	0.06218228880868537	0.13832974433898926	0.062328877173456476	10	0	36	16.374549746513367	16.39412033557892	15.669106694529532	15.671247559661523	0	0.4980594499624554	0.43681584426334924	0.4373750039509365	0.0810199594819139	0.08094230073928727
36	0.30733466148376465	0.030895081255323475	0.3091609477996826	0.030828878841873575	10	0	37	16.68188440799713	16.7032812833786	15.763561288678872	15.766828051305922	0	0.4978794593340319	0.43321914474169415	0.4338135023911794	0.07881935310842474	0.07874236122139071
37	0.15252900123596191	0.04289849821321923	0.15253901481628418	0.04290032366878904	10	0	38	16.834413409233093	16.855820298194885	15.786826384896912	15.790096202347044	0	0.49788778017167556	0.42563292464694463	0.4262114892134795	0.07703395917739178	0.0769609997997045
38	0.10024452209472656	0.053175996493905586	0.1019434928894043	0.05316129444497619	10	0	39	16.93465793132782	16.95776379108429	15.796875349106912	15.800488678089536	0	0.49773378488910597	0.41707007194820206	0.4176781208891618	0.07546671698530422	0.07539281968717439
39	-0.0417475700378418	0.02547336004954559	-0.03818321228027344	0.02604000480994273	10	0	40	16.892910361289978	16.919580578804016	15.798618208710977	15.801946635789577	0	0.49741576385823716	0.40530551702548295	0.4059893687566121	0.07444170393974228	0.07435867834517287
40	0.32637691497802734	0.02308467818340887	0.3317091464996338	0.02335910670950625	10	0	41	17.219287276268005	17.25128972530365	15.905140099341551	15.911977593661092	0	0.49689889575021406	0.4033323019742966	0.4041323632001877	0.07258362417803245	0.07249966112069371
41	0.059960365295410156	0.012739549585262466	0.06708955764770508	0.012824904289232109	10	0	42	17.279247641563416	17.318379282951355	15.90873534474791	15.916478602406457	0	0.4962324088537169	0.3949573766894457	0.3959118069672003	0.0712848343205599	0.07118552075609431
42	0.5533099174499512	0.05762731323704884	0.5568451881408691	0.05804470974851483	10	0	43	17.832557559013367	17.875224471092224	16.214887209496382	16.226555165962097	0	0.49589663071931334	0.3987276752789815	0.39974355413800194	0.06966896906518948	0.0695755482911601
43	0.36867189407348633	0.0358755576544354	0.37126946449279785	0.03602216058919794	10	0	44	18.201229453086853	18.246493935585022	16.350806174976114	16.364396181226866	0	0.49564548668003083	0.39802870362303977	0.3990813660067181	0.06803306026262616	0.0679414742884262
44	0.14959931373596191	0.022552847969393497	0.1513962745666504	0.022622239697739133	10	0	45	18.350828766822815	18.397890210151672	16.373186129646385	16.387317013179526	0	0.49548730187261697	0.3923825811256062	0.3934521593830802	0.06670824347529156	0.06661765319439729
45	-0.2489457130432129	0.021533716000703862	-0.24714875221252441	0.02135849262043621	10	0	46	18.101883053779602	18.150741457939148	16.43516009768898	16.448399518899734	0	0.49542156357479084	0.378130841255188	0.37921658356984456	0.06674821731536448	0.06665825391579112
46	0.007294654846191406	0.033622311024146256	0.010810136795043945	0.033303716879743206	10	0	47	18.109177708625793	18.161551594734192	16.435213309678304	16.44851637795726	0	0.49512744075194287	0.37006918502890546	0.3712077477703924	0.06577693406033568	0.06568315094057206
47	0.045107126235961914	0.020652980113993635	0.05214834213256836	0.020444322775801993	10	0	48	18.154284834861755	18.21369993686676	16.43724796251557	16.451235827544437	0	0.4945018673012861	0.3631550986716088	0.36441924977809825	0.06473251726262563	0.06462796450606753
48	0.28829097747802734	0.02047796150054637	0.2935159206390381	0.02059994689824407	10	0	49	18.442575812339783	18.5072158575058	16.520359650210807	16.53738742321302	0	0.49401841179730954	0.36159542948007584	0.36294209708770114	0.06338876537824589	0.0632844651929685
49	-0.12275385856628418	0.024945052686973668	-0.11918926239013672	0.024988714551454905	10	0	50	18.3198219537735	18.38802659511566	16.53542816000372	16.551593503482124	0	0.4937651556878677	0.35171075013219094	0.35310268158815344	0.06286363756789169	0.06275564807575396
50	0.06470751762390137	0.01765045363418949	0.06818413734436035	0.01779215885864005	10	0	51	18.3845294713974	18.456210732460022	16.539615222840766	16.55624258006752	0	0.4934737723559721	0.34597068548202514	0.3474043107032776	0.061860421865071666	0.06175121004104428
51	-0.11526346206665039	0.016366411833928396	-0.11164999008178711	0.01619976869869788	10	0	52	18.26926600933075	18.344560742378235	16.552900888528356	16.56870830035278	0	0.49321788152545964	0.3369268786673452	0.33840324598200183	0.06130607723444636	0.06119389989576072
52	0.20430636405944824	0.010518210083375834	0.21138668060302734	0.010782582588944933	10	0	53	18.473572373390198	18.555947422981262	16.594641978923548	16.613392629089148	0	0.49258480621057354	0.3343764841556549	0.33596061972471386	0.06016963039325835	0.06005525071842089
53	0.35854458808898926	0.09206575918068438	0.36036109924316406	0.09265896455497113	10	0	54	18.832116961479187	18.916308522224426	16.72319620057145	16.74325275093689	0	0.4924197710238224	0.3348324861166612	0.33642100613072234	0.05902519868147053	0.05891303532126783
54	0.05219721794128418	0.003973460478903235	0.05924797058105469	0.004202288195301662	10	0	55	18.88431417942047	18.97555649280548	16.72592075013226	16.746763072954863	0	0.4918159638802096	0.32959849966896904	0.3312881721390618	0.05815782506685888	0.05803917278334019
55	0.09192323684692383	0.02959522829451089	0.09549760818481445	0.029799705123537024	10	0	56	18.976237416267395	19.071054100990295	16.734370631604676	16.755882866123883	0	0.49151768848861577	0.32527713125402274	0.3270010709762573	0.05725393373522482	0.05713521022368393
56	0.019687175750732422	0.007346200172719364	0.024872541427612305	0.007222020949768648	10	0	57	18.995924592018127	19.095926642417908	16.734758216493717	16.75650150944095	0	0.49109348244223966	0.31982016776289257	0.3216059186628887	0.056486454025807833	0.05636446619825155
57	-0.06561493873596191	0.010320045757396201	-0.060292959213256836	0.010183597962793556	10	0	58	18.930309653282166	19.03563368320465	16.73906353667904	16.760136750371643	0	0.49068610792455364	0.313058148350632	0.31490593834927205	0.055897131636361536	0.055770697944181394
58	-0.12298846244812012	0.004406161974827683	-0.11238288879394531	0.004070074071819363	10	0	59	18.807321190834045	18.923250794410706	16.754189698574393	16.772766664065315	0	0.4898395151758569	0.3055401033368604	0.3075388896054235	0.055437075272681664	0.055293670457028744
59	-0.07558608055114746	0.008029181917379447	-0.07210922241210938	0.007738527717378929	10	0	60	18.731735110282898	18.851141571998596	16.759902954147478	16.777966404022195	0	0.4896055803476652	0.2990803375082501	0.30110417584241445	0.05487093281974665	0.054728011064625694
60	0.08641588687896729	0.00828381133187861	0.0908588171005249	0.008398450203074503	10	0	61	18.818150997161865	18.94200038909912	16.767370659652556	16.7862217286671	0	0.48923995386128183	0.29553592999776207	0.29760008653004966	0.05406497434407896	0.0539221228300206
61	0.31798815727233887	0.02925113423981429	0.3233497142791748	0.029637924311202823	10	0	62	19.136139154434204	19.265350103378296	16.868487127818014	16.890776766391525	0	0.48877261298004826	0.2959039992973453	0.29802221157511727	0.05317255078473924	0.05303246671244904
62	0.0958700180053711	0.031863903572798336	0.1010749340057373	0.031763308486404185	10	0	63	19.232009172439575	19.366425037384033	16.877678188170364	16.90099290867579	0	0.4883403713534642	0.29267764476037794	0.29484564258206275	0.052407305259124466	0.052266711812928454
63	0.1917184591293335	0.024486643530124752	0.1952728033065796	0.024611230387975525	10	0	64	19.42372763156891	19.561697840690613	16.91443415574129	16.939124376387	0	0.4880359008589218	0.2910751180043296	0.29326512132372173	0.051593627961450686	0.05145467044640096
64	-0.09544920921325684	0.007082524862255468	-0.09278309345245361	0.006921756591921735	10	0	65	19.328278422355652	19.46891474723816	16.923544707280726	16.947733078817606	0	0.48788830177834086	0.28503567539155483	0.287233117967844	0.051138956401681375	0.051002266645926456
65	-0.17678678035736084	0.00648522216881986	-0.1653505563735962	0.006113525130857056	10	0	66	19.15149164199829	19.303564190864563	16.954798272989848	16.975073885310664	0	0.4870280313549433	0.2779307145338792	0.28027029220874494	0.050844919686924166	0.05069195461218518
66	-0.06611323356628418	0.010594086524690738	-0.05548810958862305	0.010538140982248478	10	0	67	19.085378408432007	19.24807608127594	16.959169232642438	16.978152815616383	0	0.48619303445829193	0.2727179274414525	0.2751830436966636	0.05033924349637278	0.05017654275440841
67	0.14336895942687988	0.004770051654702456	0.14861321449279785	0.004803328287891873	10	0	68	19.228747367858887	19.396689295768738	16.979723891169584	17.000238703138265	0	0.48575671705843354	0.2707873458292947	0.2732939417682477	0.04961979053679954	0.04945805656861231
68	-0.23575258255004883	0.027504922678645016	-0.22956109046936035	0.02720471182141182	10	0	69	18.992994785308838	19.167128205299377	17.035303171348602	17.052936997395747	0	0.48539759480747807	0.26333822923548084	0.265899014823577	0.049448938821416745	0.04928326496135329
69	-0.02051711082458496	0.006190527653700428	-0.015195131301879883	0.005983275091750784	10	0	70	18.972477674484253	19.151933073997498	17.03572412318519	17.05316788941103	0	0.4850024622573084	0.2592243837273639	0.26182518661886023	0.048900367934282124	0.04873433200653217
70	0.03922867774963379	0.01029541600092898	0.04277372360229492	0.010298509417339119	10	0	71	19.011706352233887	19.194706797599792	17.037263012343175	17.054997480841834	0	0.4847366903771033	0.25608158792768204	0.25869588000433785	0.0482990873176192	0.0481349096793134
71	0.03641557693481445	0.02012174985702586	0.04355454444885254	0.020459743032517963	10	0	72	19.0481219291687	19.238261342048645	17.03858910658667	17.05689447918398	0	0.48417232814670663	0.2529877004489093	0.2556657203486268	0.04771437150041579	0.047548760762562925
72	-0.14813446998596191	0.005708528996080986	-0.1445310115814209	0.005718753801659204	10	0	73	18.89998745918274	19.093730330467224	17.060532927784692	17.07778369249273	0	0.48398250001696597	0.2474165591928694	0.25010743240515393	0.047375713950938154	0.04721204150984758
73	-0.04570317268371582	0.005687626698716031	-0.040322303771972656	0.005595701419679244	10	0	74	18.854284286499023	19.05340802669525	17.06262170777805	17.07940958067421	0	0.4835959860968233	0.24340122040003948	0.24612894286848094	0.046894447544676025	0.04673047595783996
74	-0.030380725860595703	0.0015141636563384964	-0.021601319313049316	0.0014325275155471218	10	0	75	18.823903560638428	19.031806707382202	17.063544696281866	17.079876197670274	0	0.4829246446357819	0.23970146436949033	0.24251096635251432	0.04640412224876556	0.046236427284549346
75	-0.09975624084472656	0.0026856312151721795	-0.09275460243225098	0.0025297269751831664	10	0	76	18.7241473197937	18.93905210494995	17.073496003869337	17.08847961394264	0	0.4824327823448742	0.23517536163330077	0.23804075876871744	0.046004409564143936	0.0458342859840455
76	-0.37281203269958496	0.030894051541793033	-0.3674609661102295	0.030616287521922914	10	0	77	18.351335287094116	18.57159113883972	17.212484815594934	17.2235071755573	0	0.4822666155298506	0.22717552749734177	0.23007363080978394	0.046094556714686735	0.0459235578842487
77	0.031015634536743164	0.006321954750717396	0.037998199462890625	0.006423717888537794	10	0	78	18.38235092163086	18.609589338302612	17.21344678518065	17.224951038719723	0	0.48173095064599214	0.2246279964199314	0.2275791446883957	0.04556326204753052	0.04539181760950046
78	0.10306620597839355	0.007270933546067226	0.10656237602233887	0.007364346931865384	10	0	79	18.485417127609253	18.71615171432495	17.22406942799543	17.23630657870325	0	0.48145922243854383	0.22306951192709115	0.22602764765421549	0.04500231855061671	0.04483294593374148
79	-0.2024996280670166	0.01604284731882899	-0.1971876621246338	0.015995621946160554	10	0	80	18.282917499542236	18.518964052200317	17.26507552736271	17.27518955279743	0	0.4811683120967297	0.21768256078792525	0.22067049183423007	0.04475440550172107	0.04458482095739269
80	0.0002148151397705078	0.005819451653735541	0.005527496337890625	0.005517425708035262	10	0	81	18.283132314682007	18.524491548538208	17.265075573508256	17.275220106013194	0	0.4807789123091587	0.2149642139673233	0.21798120439052582	0.044274962461353325	0.044106046867323744
81	0.03319370746612549	0.006465615182563056	0.041152358055114746	0.0067478059313117456	10	0	82	18.316326022148132	18.565643906593323	17.266177395723602	17.27691362258669	0	0.480169158724014	0.21272013364014802	0.21579813221354543	0.04378248979055799	0.04361279634185765
82	0.1900484561920166	0.005553119260923722	0.19877910614013672	0.006075060380339892	10	0	83	18.50637447834015	18.76442301273346	17.30229581142457	17.316426755624562	0	0.47947369216700975	0.21244364976882935	0.21559058311508922	0.04324614480688695	0.043078149724746044
83	-0.09478557109832764	0.002056187759606587	-0.09041023254394531	0.0019882848382621887	10	0	84	18.41158890724182	18.674012780189514	17.311280115913007	17.324600765773212	0	0.4792018667332595	0.20874209289091178	0.21190382629992013	0.04288198694047225	0.0427153701454337
84	-0.38451170921325684	0.018907382575150677	-0.3800783157348633	0.0187055934578666	10	0	85	18.027077198028564	18.29393446445465	17.459129370435107	17.469060291865063	0	0.4791370038119227	0.20167954762776694	0.2048564198471251	0.042953019151444456	0.04278815092349512
85	0.08918976783752441	0.01585195463343325	0.09633779525756836	0.016253108287514806	10	0	86	18.11626696586609	18.39027225971222	17.46708418512202	17.47834126266015	0	0.4785868716830305	0.20035613845376407	0.2035797301460715	0.04246530818100781	0.04230103474535888
86	0.13847613334655762	0.022441088114590002	0.1455855369567871	0.022731612295615378	10	0	87	18.254743099212646	18.535857796669006	17.486259824628632	17.499536411231148	0	0.4780329732157902	0.199636603510657	0.20290537906247516	0.041974788437244545	0.04181170719711091
87	-0.21866202354431152	0.036956914608992975	-0.21515631675720215	0.036707145226557714	10	0	88	18.036081075668335	18.320701479911804	17.534072905169126	17.545828651871673	0	0.4779056231866165	0.1948285733146229	0.19810007221397313	0.04176717568096397	0.041606740960617034
88	0.07300734519958496	0.0035191141595873887	0.08353447914123535	0.003669300767853656	10	0	89	18.10908842086792	18.40423595905304	17.539402977622217	17.55280666107707	0	0.47709957558455807	0.19344424117695203	0.1967981904745102	0.041313020726532264	0.0411518180978687
89	-0.17154300212860107	0.009458781129595195	-0.16804683208465576	0.009101817927628986	10	0	90	17.93754541873932	18.236189126968384	17.56882997920151	17.58104639885076	0	0.4769429310988965	0.18934326091509188	0.1926988081985645	0.04105154608148614	0.04089280516495831
90	0.1662604808807373	0.017080734407556974	0.16974663734436035	0.01704329404259397	10	0	91	18.103805899620056	18.405935764312744	17.596472526704204	17.609860319740477	0	0.4766727028543287	0.18908678558137682	0.19244378407796223	0.04059366542038381	0.040436692167716684
91	0.13495230674743652	0.009080866529586729	0.135811448097229	0.009022832323253738	10	0	92	18.238758206367493	18.541747212409973	17.61468465180066	17.628305069174743	0	0.4766073297430551	0.18849190119858628	0.1918214507155366	0.04014951022477844	0.03999470634347976
92	0.1285550594329834	0.010366516893043354	0.1320021152496338	0.010282265590205952	10	0	93	18.367313265800476	18.673749327659607	17.631211055106476	17.64572962760512	0	0.47634290107130856	0.18784041378809058	0.19117124054742896	0.03971604832704638	0.03956293601109773
93	-0.0662698745727539	0.006599627884043002	-0.0610353946685791	0.00666598649485195	10	0	94	18.301043391227722	18.612713932991028	17.635602751382365	17.64945494700747	0	0.47599520794101824	0.18510804509603848	0.18845934124403102	0.0393815758482938	0.03922906488156262
94	-0.07038068771362305	0.02711915367444817	-0.061464548110961914	0.026895958506941042	10	0	95	18.2306627035141	18.551249384880066	17.640556192585407	17.653232837681955	0	0.4753663037393928	0.18239007985338251	0.18580057646365875	0.039055061103741906	0.03890045748939548
95	0.006514072418212891	0.006079021314462807	0.011758089065551758	0.005965388538754723	10	0	96	18.237176775932312	18.563007473945618	17.640598625724877	17.65337109034043	0	0.47499057207193274	0.1805387534593281	0.18396855028052078	0.03868609148839819	0.03853237743592406
96	0.030321836471557617	0.013979868429657927	0.03384733200073242	0.01386413809439091	10	0	97	18.26749861240387	18.59685480594635	17.641518039491885	17.654516732223996	0	0.4747397113076173	0.17897399390737215	0.18240478759010634	0.038312957280128755	0.038160939396719495
97	0.09358441829681396	0.013014332771163595	0.09625017642974854	0.013109713590509386	10	0	98	18.361083030700684	18.6931049823761	17.650276082839838	17.663780828686754	0	0.47454074459422996	0.17809368900417052	0.18151659572247378	0.037926138871271	0.037775921654042824
98	0.07364225387573242	0.03756756397240224	0.07442331314086914	0.03774390973910613	10	0	99	18.434725284576416	18.767528295516968	17.655699264395736	17.669319658225618	0	0.4744898061860814	0.17702785803347218	0.1804238071247023	0.037552271121303854	0.03740443264304212
99	-0.1993553638458252	0.021967320601049778	-0.19581079483032227	0.021884861662556432	10	0	100	18.23536992073059	18.571717500686646	17.695441825489837	17.7076615255977	0	0.4743508980768733	0.17322600730741866	0.17662345761000509	0.03736494066014284	0.03721921226182612
100	-0.11948204040527344	0.016380105253801958	-0.11067366600036621	0.0163427313141824	10	0	101	18.115887880325317	18.46104383468628	17.709717783469245	17.71991018594366	0	0.4737592053890545	0.17029892683029174	0.17375048637390136	0.03710503759390164	0.0369569794475486
101	-0.07065534591674805	0.007025010670986376	-0.06534242630004883	0.00690929268318996	10	0	102	18.04523253440857	18.39570140838623	17.71470996137586	17.72417981861844	0	0.473409935367321	0.16791324096150917	0.17138322981277315	0.03681320776665422	0.03666573776688843
102	0.10416030883789062	0.010143874767322814	0.10764646530151367	0.010099177264692116	10	0	103	18.14939284324646	18.503347873687744	17.725559331313065	17.73576758011035	0	0.4731481467335249	0.16728821221519918	0.17075835957246668	0.036455865611363054	0.03630986737362165
103	-0.15095734596252441	0.010413582733633575	-0.14556670188903809	0.010464326761109533	10	0	104	17.998435497283936	18.357781171798706	17.748347451613114	17.7569572448092	0	0.47283714526955833	0.1641984495144446	0.16768724247089867	0.03623217300389744	0.03608653631669167
104	-0.001875162124633789	0.014641933295081344	-7.82012939453125e-05	0.01466448075802873	10	0	105	17.9965603351593	18.35770297050476	17.748350967846108	17.756957250924643	0	0.4727272496984042	0.16260158786406884	0.166074113203929	0.03591761049760136	0.035774253995284
105	0.21461963653564453	0.036411376144087626	0.2189946174621582	0.03641282196406337	10	0	106	18.211179971694946	18.57669758796692	17.7944125562328	17.80491589340204	0	0.4723985178975185	0.16309699785141718	0.16657811800638836	0.035577342827268835	0.035435493213787694
106	0.03713881969451904	0.0035719207917424	0.04423868656158447	0.003758031278877638	10	0	107	18.248318791389465	18.620936274528503	17.7957918481611	17.806872954790734	0	0.4718772371730064	0.1619087131518238	0.16542397242672038	0.03526013780773783	0.03511857436850488
107	0.06852567195892334	0.0049799721515029205	0.07647490501403809	0.005289757629213909	10	0	108	18.31684446334839	18.69741117954254	17.800487615878524	17.81272136588764	0	0.4712852777909813	0.1610359744490864	0.16459267273127476	0.03493995081115545	0.0347987459797491
108	0.09275341033935547	0.009073571435010308	0.09636664390563965	0.009118191209097404	10	0	109	18.409597873687744	18.79377782344818	17.809090811008105	17.822007895945276	0	0.4710163854380792	0.16040372848510742	0.16396095024214852	0.034620694493681374	0.03448081705330301
109	-0.010380744934082031	0.02465751677038952	-0.010410070419311523	0.0246589802745234	10	0	110	18.399217128753662	18.78336775302887	17.80919857087349	17.82211626551141	0	0.4710479345601467	0.15883689845373872	0.1623612161076397	0.034337369160590124	0.03420044918327264
110	-0.4464254379272461	0.036448017232373786	-0.43750929832458496	0.03595965719017613	10	0	111	17.952791690826416	18.345858454704285	18.008494242502024	18.013530651631882	0	0.470753067656016	0.15333451357754793	0.15690784779461947	0.03446583522850898	0.03432409080882646
111	0.23509764671325684	0.01765625773072088	0.24217796325683594	0.01809830631520981	10	0	112	18.187889337539673	18.58803641796112	18.063765145992136	18.07218081751911	0	0.47023291864395295	0.15407111838057236	0.15767604703301782	0.03416186313389152	0.03402213300690466
112	0.012411713600158691	0.004280459469910625	0.014989972114562988	0.004363263476662382	10	0	113	18.20030105113983	18.603026390075684	18.063919196626628	18.072405516783107	0	0.47006104304757523	0.1528063022664615	0.1564020642212459	0.03387909059428715	0.03374105547933508
113	-0.1955857276916504	0.02508697597727405	-0.19025397300720215	0.025114858844688115	10	0	114	18.00471532344818	18.41277241706848	18.1021729735033	18.108602091028132	0	0.46979064159307393	0.1497231869570977	0.15333431167940123	0.03371918538540773	0.033581545777453925
114	-0.2588571310043335	0.029941261979004707	-0.2552438974380493	0.029875644671179202	10	0	115	17.745858192443848	18.157528519630432	18.169179987775095	18.173751538207497	0	0.4696962791583954	0.14613914908024303	0.14975029230117798	0.03361371315786169	0.03347806515465968
115	0.20310568809509277	0.024464157220279503	0.20836925506591797	0.02433945987854713	10	0	116	17.94896388053894	18.36589777469635	18.210431908311676	18.217169284664223	0	0.4693116029334292	0.14663451028906782	0.15026002241217573	0.033323819982878214	0.033189589188132584
116	-0.08441424369812012	0.0039278011982446515	-0.07734370231628418	0.0038774669004055795	10	0	117	17.86454963684082	18.288554072380066	18.217557672850802	18.223151332952213	0	0.46884660535691064	0.14464271068572998	0.14829792133693037	0.033095288019802674	0.03296068036147563
117	-0.13126039505004883	0.008819757047831445	-0.12427759170532227	0.008476673422933345	10	0	118	17.73328924179077	18.164276480674744	18.234786964159497	18.238596252752288	0	0.46841380431310775	0.1422845644828601	0.145968216097253	0.03289583405796926	0.032760691780999565
118	-0.03066396713256836	0.00291956495436807	-0.02532219886779785	0.00293097721629465	10	0	119	17.702625274658203	18.138954281806946	18.235727243039804	18.239237466507788	0	0.4680536865764585	0.14081889896069544	0.1445166024111085	0.032648779263232355	0.032514292414461694
119	0.12043976783752441	0.006844897887333445	0.12582063674926758	0.0071892659249215285	10	0	120	17.823065042495728	18.264774918556213	18.25023298071656	18.25506829913978	0	0.4676595466900644	0.1406476457579797	0.144359493455967	0.03237371017058144	0.032240288097369604
120	-0.11271524429321289	0.005264967643825003	-0.10917019844055176	0.005098858658982408	10	0	121	17.710349798202515	18.15560472011566	18.26293770701264	18.26698643136733	0	0.46746958580476955	0.13853628834088644	0.142246746023496	0.032172151340064944	0.03204022381379561
121	-0.034081220626831055	0.007225954243097021	-0.0306241512298584	0.007129468089431157	10	0	122	17.676268577575684	18.124980568885803	18.264099236612054	18.267924270005878	0	0.4672489870165013	0.13710969735768216	0.1408180609222286	0.03193703592203833	0.0318064283717559
122	0.0513077974319458	0.005186443199036717	0.051249146461486816	0.005187961245738393	10	0	123	17.72757637500763	18.17622971534729	18.266731726689372	18.27055074501891	0	0.4672603038549085	0.1364064030959958	0.14008388949222253	0.0316819822097474	0.03155318502929414
123	0.08037114143371582	0.012877285797856075	0.08489251136779785	0.013164696172054846	10	0	124	17.807947516441345	18.261122226715088	18.27319124706473	18.27775748350524	0	0.46693315937856816	0.13595083186296913	0.13963517910096704	0.031426651686889635	0.03129882029641426
124	0.08458065986633301	0.007306654996511952	0.08637762069702148	0.007286414348072867	10	0	125	17.892528176307678	18.34749984741211	18.280345135088155	18.28521857686252	0	0.466804016358606	0.1355365562823511	0.13920568266222555	0.03117493340529123	0.031048355167751587
125	-0.059824466705322266	0.0025454331574792377	-0.05090832710266113	0.002448727916828375	10	0	126	17.832703709602356	18.29659152030945	18.28392410190473	18.28781023463091	0	0.4661957185789437	0.1339736680984497	0.13768477058410644	0.03096399633016598	0.030836496662789852
126	0.07329130172729492	0.010363512159074162	0.07514667510986328	0.010415966815799038	10	0	127	17.90599501132965	18.37173819541931	18.289295716813612	18.293457257410978	0	0.4660637892681264	0.13349206201613895	0.13718843649304102	0.03072104256867711	0.030594809844443027
127	0.05128908157348633	0.032554085695892354	0.0547947883605957	0.033157225265540546	10	0	128	17.957284092903137	18.426532983779907	18.291926286702264	18.29645972624246	0	0.46581536443561494	0.13284479445359837	0.13653966761010838	0.03048505692882158	0.030359882500610752
128	0.10773468017578125	0.010255409501041868	0.1113581657409668	0.010429372782596147	10	0	129	18.06501877307892	18.537891149520874	18.30353304801484	18.308860367319653	0	0.46555144301040186	0.13264862168580294	0.13634293712675571	0.03024659092499589	0.03012240453236263
129	-0.011533737182617188	0.006009568166291501	-0.0045316219329833984	0.005826508031702815	10	0	130	18.0534850358963	18.53335952758789	18.30366607510824	18.308880902916997	0	0.46506501720149196	0.13153092898139657	0.1352508862813314	0.030032010947336978	0.029907929458830498
130	-0.07221627235412598	0.00858150590505602	-0.07051706314086914	0.008527844540367369	10	0	131	17.981268763542175	18.46284246444702	18.308881265100965	18.31385355911101	0	0.46498925940828095	0.12996364281727718	0.1336680559011606	0.029841285985755625	0.02971915712898535
131	-0.033144235610961914	0.01591611454392705	-0.029687166213989258	0.01590151854867372	10	0	132	17.948124527931213	18.433155298233032	18.3099798054552	18.314734886948827	0	0.4647685000425189	0.12871854450866466	0.1324210694728007	0.029638778034316974	0.029517772173321872
132	-0.26938581466674805	0.030597841907251677	-0.26583123207092285	0.030169476003436557	10	0	133	17.678738713264465	18.16732406616211	18.382548522598867	18.38540113089317	0	0.4646951306146321	0.1257026023936994	0.12940400658231793	0.02956760242541846	0.029448260465929063
133	-0.07709932327270508	0.027992433061740485	-0.07001924514770508	0.02772994800352535	10	0	134	17.60163938999176	18.097304821014404	18.388492828247976	18.390303825584226	0	0.46423114040029717	0.12417777588492945	0.1279045836369794	0.0293840381174745	0.029264444492690084
134	-0.016161680221557617	0.01552015676048768	-0.0037298202514648438	0.015110338818885793	10	0	135	17.585477709770203	18.09357500076294	18.38875402815556	18.390317737143334	0	0.46335745922306293	0.12313046651100044	0.12692223733930447	0.02918272883106561	0.02906183943017978
135	-0.05753946304321289	0.007607052946013937	-0.0532228946685791	0.007747062642096125	10	0	136	17.52793824672699	18.04035210609436	18.39206481796286	18.393150413660237	0	0.4630850800392989	0.12179217073652479	0.12558782895406087	0.028996653811157538	0.028876611726246115
136	-0.012656927108764648	0.0089695832522807	-0.005655050277709961	0.008741670695997072	10	0	137	17.515281319618225	18.03469705581665	18.392225015766698	18.39318239325388	0	0.46260240941386954	0.12080357442883884	0.12462280778323903	0.02879962607018449	0.02867973749246871
137	0.06545901298522949	0.009847349744006806	0.07256865501403809	0.009905806581571142	10	0	138	17.580740332603455	18.10726571083069	18.3965098981477	18.398448602944427	0	0.46209434806700234	0.1203995995277906	0.12424285046375581	0.02859149102077355	0.02847216204942801
138	0.13774418830871582	0.018574321254448023	0.13952136039733887	0.01873458290134522	10	0	139	17.71848452091217	18.246787071228027	18.415483359560525	18.41791481295155	0	0.46196585832070375	0.12052528495373933	0.12435356430385423	0.028383828417512542	0.028265305863010327
139	0.04247093200683594	0.01016666952466494	0.04598689079284668	0.010215160894233577	10	0	140	17.760955452919006	18.292773962020874	18.417287139626055	18.420029607076344	0	0.4617198938167255	0.11996374284620766	0.12378977528578944	0.028184482930184968	0.028066884644554688
140	0.04067397117614746	0.008670235331976528	0.04413104057312012	0.008553901937318642	10	0	141	17.801629424095154	18.336905002593994	18.418941511557293	18.42197715581841	0	0.46147851779315585	0.11939738733427865	0.12322078432355608	0.027988171859989797	0.027871494268199203
141	-0.1640918254852295	0.01795582836751919	-0.15886759757995605	0.01790761306136801	10	0	142	17.637537598609924	18.178037405014038	18.445867638748368	18.447216069379238	0	0.46120351423122496	0.11738682554123249	0.12122015750154536	0.02786160348633263	0.027745341487987157
142	-0.08002901077270508	0.010379267514053936	-0.07300734519958496	0.009959947064714925	10	0	143	17.55750858783722	18.105030059814453	18.452272281313626	18.45254614183233	0	0.4607486842584031	0.11599657317282448	0.11985235818674866	0.0276996098348156	0.027583193066677537
143	0.09105491638183594	0.01408134585415155	0.0946192741394043	0.014346076175684175	10	0	144	17.648563504219055	18.199649333953857	18.46056327911093	18.461498948870997	0	0.46049357524206647	0.11582215599246792	0.11967590305355046	0.027505777211163585	0.027390192800081405
144	0.11028289794921875	0.01706400672387076	0.11553657054901123	0.01735077717184197	10	0	145	17.758846402168274	18.31518590450287	18.472725596691006	18.474847648005223	0	0.46011701609174466	0.11578368892272313	0.1196471576889356	0.027314124072948486	0.027199333240584656
145	-0.024599671363830566	0.015756894459300952	-0.021933674812316895	0.015883441396582043	10	0	146	17.734246730804443	18.29325222969055	18.473330740522215	18.475328734095996	0	0.4599510731214877	0.11481552781729863	0.1186707381544442	0.02714236924238368	0.027028742746896012
146	0.13182520866394043	0.012854102964013236	0.13715767860412598	0.012950122761878902	10	0	147	17.866071939468384	18.430409908294678	18.490708626161506	18.49414096289607	0	0.4595695578011378	0.11493203248063179	0.11879736103423655	0.026956073307604887	0.026843274639780226
147	-0.002489805221557617	0.020723224653409034	0.0046198368072509766	0.021169353572588534	10	0	148	17.863582134246826	18.43502974510193	18.490714825291548	18.494162305788194	0	0.4590785206101014	0.11413324446905226	0.11802064318235228	0.026783984571474746	0.026671354064529536
148	0.027060270309448242	0.0038344362475868365	0.03590822219848633	0.0038856525220580806	10	0	149	17.890642404556274	18.470937967300415	18.491447083520768	18.49545170620965	0	0.45845560570373767	0.11354491356256846	0.11746582952705589	0.02660890102452347	0.026496338570004514
149	0.10232436656951904	0.008713447153880338	0.10409176349639893	0.00874597787868936	10	0	150	17.992966771125793	18.575029730796814	18.50191735951462	18.50628680143744	0	0.4583285517146707	0.11346960787805135	0.11737607069463538	0.026429821750879504	0.026318063081530455
150	0.1059180498123169	0.012574840956986577	0.11297857761383057	0.013047086056772628	10	0	151	18.09888482093811	18.688008308410645	18.513135992790666	18.519050960437085	0	0.45782381829135244	0.11341926415761312	0.11734675407409668	0.02625307993175291	0.02614203698839879
151	0.15794920921325684	0.016473170965298323	0.15791010856628418	0.016468358606232414	10	0	152	18.256834030151367	18.84591841697693	18.53808394548176	18.5439865628245	0	0.4578279020776919	0.11371416445599486	0.11761538556079991	0.02608030626085158	0.02596972322498635
152	-0.047646284103393555	0.00226022796931602	-0.03706002235412598	0.002176610082017305	10	0	153	18.209187746047974	18.808858394622803	18.54035411387062	18.54536000808139	0	0.4571063270385446	0.11265258255757783	0.11659778419293855	0.02592989708231083	0.02581836562818628
153	0.13930654525756836	0.006173223131327177	0.14638638496398926	0.006528548777907872	10	0	154	18.348494291305542	18.955244779586792	18.55976042742222	18.566788981784214	0	0.4566018567660419	0.11282679146411372	0.11679248093000424	0.025760452200046	0.025649801984697226
154	0.01505899429321289	0.015368021709747381	0.018604040145874023	0.015488656955113811	10	0	155	18.363553285598755	18.973848819732666	18.559987200731342	18.567135092093963	0	0.4563616309784222	0.11219193563832865	0.11615489365218522	0.02560050284653998	0.025490675614095404
155	0.010507345199584961	0.0029730122241176105	0.017489910125732422	0.0028366033473048446	10	0	156	18.37406063079834	18.9913387298584	18.560097605034485	18.56744098905017	0	0.45587747525287325	0.11153590602259482	0.11551834537136939	0.0254432610052546	0.025333684085064312
156	-0.04842805862426758	0.005774788270969111	-0.04137682914733887	0.0057928199888124254	10	0	157	18.325632572174072	18.94996190071106	18.5624428818966	18.569153031040457	0	0.45541037724229166	0.11051049599280724	0.11451260707317254	0.02530042519700799	0.02519084974307282
157	-0.11473667621612549	0.008144096195351835	-0.11209046840667725	0.008129285736018232	10	0	158	18.210895895957947	18.837871432304382	18.575607386765725	18.581717304148086	0	0.4552942238103216	0.10907580062841914	0.11306927538221809	0.025179665985092095	0.025071464045156457
158	-0.13362228870391846	0.012368795213390626	-0.1299799680709839	0.012199619574417397	10	0	159	18.07727360725403	18.7078914642334	18.5934623028042	18.59861209624782	0	0.4551191032686479	0.10753973677188536	0.11153098903124846	0.025066901636069748	0.024959726496995183
159	-0.015488982200622559	0.011721226421471442	-0.011963248252868652	0.011502252214441455	10	0	160	18.061784625053406	18.69592821598053	18.59370221137381	18.59875521555658	0	0.45488996369108936	0.10676597124375638	0.11075429571499615	0.02492076448876285	0.02481440857520911
160	-0.28356480598449707	0.01741124231256208	-0.2783012390136719	0.017076734861689147	10	0	161	17.77821981906891	18.417626976966858	18.674111210566835	18.676206795193124	0	0.454734409860774	0.10432640388607979	0.10832269862294197	0.02488439139929325	0.02477843016504032
161	0.13433623313903809	0.021367131442673326	0.13703131675720215	0.021582424233940856	10	0	162	17.912556052207947	18.55465829372406	18.69215743410082	18.694984376965337	0	0.4545445722536369	0.10451280034106711	0.1085010130212914	0.02473004942072473	0.02462469154071474
162	-0.04548835754394531	0.006255704287696062	-0.04035162925720215	0.0062202109464237765	10	0	163	17.867067694664	18.514306664466858	18.694226624772867	18.696612630949048	0	0.45421366330295293	0.10358686726770283	0.10758216955043652	0.02459435674122438	0.024489458759568827
163	-0.24221587181091309	0.018278041316250437	-0.2315230369567871	0.01748943139000403	10	0	164	17.62485182285309	18.28278362751007	18.752895153329987	18.75021554759074	0	0.4536304944921458	0.1014653780709015	0.1055017695105149	0.02453489821031215	0.02442750417670151
164	-0.1908496618270874	0.01135231622357935	-0.18921887874603271	0.011397029308980677	10	0	165	17.434002161026	18.093564748764038	18.7893187467495	18.786019331664647	0	0.4536396702409086	0.09968296929103572	0.10370469238699936	0.02444989203732489	0.02434451850255179
165	-0.1472461223602295	0.02295030389365138	-0.13840806484222412	0.022567145326618743	10	0	166	17.28675603866577	17.955156683921814	18.811000167299625	18.805176124078017	0	0.4531073181872145	0.09818642934163412	0.10223734234318589	0.024347296062195243	0.024240977564004656
166	0.050487518310546875	0.004911739908720847	0.05760693550109863	0.005245638161511579	10	0	167	17.33724355697632	18.012763619422913	18.813549156804783	18.808494683095844	0	0.45261224130340144	0.09789908650409744	0.10196848447064319	0.02420188697823856	0.024096005034410135
167	-0.08746099472045898	0.007150922728328624	-0.08215785026550293	0.007063121275166395	10	0	168	17.24978256225586	17.93060576915741	18.821198582402275	18.815244595456093	0	0.45229131989449733	0.09678914589796238	0.10086593156803154	0.024082121064181717	0.023976646534137194
168	-0.011913895606994629	0.010143204332919709	0.0013279914855957031	0.010176649171398822	10	0	169	17.237868666648865	17.931933760643005	18.82134052331081	18.81524635901748	0	0.4513832035987988	0.09614210398424239	0.10027344382944561	0.02394708894050226	0.023840864418706587
169	-0.06938457489013672	0.0028056191379164375	-0.06758761405944824	0.0028071987425732914	10	0	170	17.168484091758728	17.864346146583557	18.826154742543494	18.819814444591728	0	0.4512986490141818	0.09516265618025198	0.0992801831318782	0.023825109475783392	0.0237201794227295
170	0.30249977111816406	0.017235773156471623	0.3078320026397705	0.017637550866140828	10	0	171	17.470983862876892	18.172178149223328	18.917660854070036	18.91457498644094	0	0.450991547914697	0.09638228626812205	0.10050695854074815	0.023715928621084674	0.023612126425140118
171	-0.020498275756835938	0.02707112223038166	-0.015126943588256836	0.027005672923849033	10	0	172	17.450485587120056	18.15705120563507	18.91808103337904	18.914803810863262	0	0.4506374899151523	0.09569877420949657	0.09983073689087092	0.023586736778091894	0.023483375862850268
172	0.17736387252807617	0.013370686329039927	0.18447327613830566	0.013814856611418236	10	0	173	17.627849459648132	18.341524481773376	18.949538976657195	18.94883420047246	0	0.450152921860295	0.09617357129274412	0.10032284467719323	0.023454009941664206	0.02335163125848162
173	-0.08127927780151367	0.006187025794474721	-0.07602524757385254	0.0061581169662190405	10	0	174	17.54657018184662	18.265499234199524	18.95614529765713	18.954614038741127	0	0.4498349996212355	0.09514783228063858	0.09930349154279411	0.0233405932693885	0.023238625868022608
174	-0.19983339309692383	0.01740215572863235	-0.19458937644958496	0.01720164797762891	10	0	175	17.346736788749695	18.07090985774994	18.99607868265376	18.992479064168165	0	0.44960366332970464	0.09345253788191697	0.09761445207157354	0.02326790580006959	0.02316633985528831
175	-0.04324221611022949	0.009034531199688445	-0.03530263900756836	0.008887195712418361	10	0	176	17.303494572639465	18.03560721874237	18.997948571907884	18.993725340489064	0	0.44908128693074867	0.09267142500196185	0.0968549258368356	0.02314774721633476	0.02304609955397029
176	0.15999960899353027	0.011774112103296375	0.16349554061889648	0.01173611697402066	10	0	177	17.463494181632996	18.199102759361267	19.023548446785966	19.02045613229133	0	0.4488454248223493	0.09305397150191394	0.09723356569355185	0.0230190290807541	0.022917909754436003
177	0.07764708995819092	0.013870993471712723	0.08110392093658447	0.013819546964683127	10	0	178	17.541141271591187	18.28020668029785	19.02957751736494	19.027033978282617	0	0.4486057239310114	0.09296692697341832	0.0971424377570718	0.022888774115871157	0.02278824440177071
178	0.030849695205688477	0.012860431043975495	0.0326075553894043	0.01284686258657075	10	0	179	17.571990966796875	18.312814235687256	19.030529221059226	19.02809723095109	0	0.4484894262989559	0.09261795376124007	0.09677988223815231	0.022762497471474272	0.022662759145413235
179	-0.065185546875	0.0031410758513175097	-0.05812501907348633	0.002879480418187086	10	0	180	17.506805419921875	18.25468921661377	19.03477837658062	19.031475748793383	0	0.448038886820501	0.09173636995880298	0.09591449172803143	0.022652136868346134	0.02255240559333175
180	-0.12251925468444824	0.014505896540242702	-0.1154782772064209	0.014510566617616405	10	0	181	17.384286165237427	18.13921093940735	19.04978934434905	19.044810981299946	0	0.4476235024943184	0.09054606093300713	0.09474008745617336	0.022557367192812507	0.02245749296177728
181	-0.19531285762786865	0.027218261421140255	-0.18918025493621826	0.027053072494325647	10	0	182	17.188973307609558	17.95003068447113	19.087936456703815	19.08060015015768	0	0.4473288054125646	0.08896672989123434	0.0931714667799723	0.02248792158183735	0.022388094033064247
182	0.03262650966644287	0.003090127221710759	0.036933183670043945	0.003164953932412118	10	0	183	17.221599817276	17.986963868141174	19.08900094583683	19.081964210213684	0	0.4470365559085345	0.08865716824164757	0.09286246522442325	0.02236616261037091	0.02226688685205466
183	-0.01901388168334961	0.00433932822454608	-0.014619588851928711	0.0044243821218401536	10	0	184	17.20258593559265	17.972344279289246	19.089362473533498	19.082177942591883	0	0.4467518429620312	0.0880688018486148	0.09227513159559073	0.022251387461085258	0.02215266295279613
184	0.17862319946289062	0.02815927472988733	0.1839454174041748	0.02845494104468571	10	0	185	17.381209135055542	18.15628969669342	19.121268720919858	19.11601385917588	0	0.4463982983713838	0.08856094531390978	0.09277333967063738	0.02213559721068128	0.022037571362984107
185	-0.01174783706665039	0.0030571977590625465	-0.0056345462799072266	0.0031721575222150022	10	0	186	17.36946129798889	18.150655150413513	19.121406732595602	19.11604560728766	0	0.4459931640265481	0.08801873567942027	0.09224140515198578	0.02202229605785734	0.021924579504159814
186	-0.06020474433898926	0.026240271914332425	-0.058485984802246094	0.02633611889234544	10	0	187	17.309256553649902	18.092169165611267	19.125031343836525	19.11946621770595	0	0.44591041723299624	0.08722183524921376	0.09143104284040389	0.021918068319595703	0.021821438863792487
187	-0.10081005096435547	0.022482543138494293	-0.09379816055297852	0.02190121567764436	10	0	188	17.208446502685547	17.99837100505829	19.13519401021196	19.12826431262907	0	0.44548501944290986	0.08621631714111981	0.09044051234097404	0.021823721021635503	0.021727023770688938
188	0.020663857460021973	0.0030568745820716003	0.02958977222442627	0.0030112057734328346	10	0	189	17.22911036014557	18.027960777282715	19.13562100521709	19.129139867249364	0	0.4448785666179643	0.08586763384494375	0.09011683819141794	0.02171012727019139	0.021613569212433688
189	-0.0977545976638794	0.01488833807890444	-0.08982479572296143	0.014884011726863378	10	0	190	17.13135576248169	17.938135981559753	19.145176966581516	19.137208361176036	0	0.4443889997087835	0.08489608764648438	0.08916476605430482	0.021616797010953575	0.02151997833597533
190	-0.13498997688293457	0.008318337114417318	-0.1242673397064209	0.007897993773724465	10	0	191	16.996365785598755	17.813868641853333	19.16339926044037	19.152650732893747	0	0.4437327336679636	0.08373879257001375	0.08804143918187994	0.021533844195183765	0.021435869339551133
191	-0.13338875770568848	0.01996460710250858	-0.12995123863220215	0.02020534581066613	10	0	192	16.862977027893066	17.68391740322113	19.18119182112264	19.16953805731579	0	0.44357628915491454	0.0826019991130729	0.08690011626138737	0.02145094823797939	0.021353866880146094
192	-0.01256871223449707	0.01236801618250638	-0.010752201080322266	0.01245581980776933	10	0	193	16.85040831565857	17.673165202140808	19.181349793649872	19.169653667143862	0	0.44346693068221765	0.0821063183248043	0.0863915104418993	0.021344688370274145	0.021248445577527027
193	-0.031064271926879883	0.005430852603865333	-0.029384732246398926	0.005531761604359531	10	0	194	16.81934404373169	17.64378046989441	19.18231478264022	19.170517129633055	0	0.4433733875104121	0.0815199422095106	0.08579163353677859	0.021241901030390118	0.02114657353290402
194	0.08672857284545898	0.023602486091135688	0.09379911422729492	0.02409992477225842	10	0	195	16.90607261657715	17.737579584121704	19.18983662798803	19.17931540346288	0	0.44289019514055433	0.08154679082103611	0.08583290921044104	0.021132140084929113	0.021037328675476263
195	-0.05226588249206543	0.005339511614408821	-0.045166015625	0.005296073337376583	10	0	196	16.853806734085083	17.692413568496704	19.192568350460704	19.181355372430318	0	0.4424349479925093	0.08086057198353302	0.08516111985231058	0.021034687137416515	0.020939945737327638
196	-0.04998040199279785	0.014079584638068354	-0.0463864803314209	0.014140193400578482	10	0	197	16.803826332092285	17.646027088165283	19.195066391044065	19.183507077987855	0	0.4422185090661852	0.08019301599385786	0.08448995862688337	0.020937736644030695	0.020843643770049422
197	0.12197256088256836	0.0053922910019537085	0.13355493545532227	0.0056413885429265065	10	0	198	16.925798892974854	17.779582023620605	19.209943696652317	19.20134399877233	0	0.4414322340276696	0.0804050949019224	0.08473901942296681	0.020832262127818607	0.020739064130242728
198	-0.07573270797729492	0.014941026195629092	-0.0703420639038086	0.014967196510269787	10	0	199	16.85006618499756	17.709239959716797	19.21567913970989	19.206292004726578	0	0.44110640216163	0.07961652013990614	0.08395578162838714	0.020741777343864804	0.02064891545093304
199	0.02830064296722412	0.008631242477989076	0.03615236282348633	0.008598935272289054	10	0	200	16.878366827964783	17.745392322540283	19.21648006610225	19.2075989980643	0	0.44057556046682794	0.07935865141039518	0.08371556344343789	0.020638895106766697	0.020546294336634553
200	0.13394570350646973	0.0038546641921470837	0.13928699493408203	0.003975489968524926	10	0	201	17.012312531471252	17.884679317474365	19.234421517590093	19.226999865022066	0	0.4402166494745059	0.07963158667087555	0.08399342060089111	0.02053725504959829	0.020445192918089397
201	0.1686720848083496	0.011262965512287337	0.17035174369812012	0.011431821435905931	10	0	202	17.180984616279602	18.055031061172485	19.262871789783688	19.256019581603056	0	0.44011508818228423	0.08007457422379831	0.08442306399938479	0.020439625204898216	0.020347757716448405
202	-0.2210555076599121	0.031267451312601224	-0.2193467617034912	0.031406947555240095	10	0	203	16.95992910861969	17.835684299468994	19.31173732725047	19.304132583472864	0	0.44015941423433874	0.07858383124417598	0.08291925298105372	0.020392748087220327	0.020302545959010918
203	0.014726877212524414	0.023901221639050618	0.018290996551513672	0.024281750984641803	10	0	204	16.974655985832214	17.853975296020508	19.311954208162902	19.30446714402771	0	0.4399240926319752	0.07826926496815799	0.08260088718583432	0.020294480592149517	0.020204794251608964
204	-0.11956024169921875	0.01630464549793942	-0.11069345474243164	0.015737942897771973	10	0	205	16.855095744132996	17.743281841278076	19.326248859558078	19.316720184950526	0	0.43939010126379613	0.07729951248449438	0.08165336590187222	0.020218023172100582	0.020127821940079622
205	-0.028301239013671875	0.00986867502831501	-0.023037195205688477	0.009729694267946343	10	0	206	16.826794505119324	17.720244646072388	19.327049819687787	19.31725089731347	0	0.4390525143277059	0.07678438686743015	0.0811426802379329	0.020125750430821383	0.0200359061622454
206	0.02656269073486328	0.007342546588688492	0.026504039764404297	0.007345926265543312	10	0	207	16.853357195854187	17.746748685836792	19.327755396226863	19.317953361437304	0	0.43906049103945766	0.07654059222600992	0.08087744411912937	0.020029298101545273	0.019940171366808708
207	-0.2772557735443115	0.026117327446115723	-0.2728224992752075	0.02595144575361985	10	0	208	16.576101422309875	17.473926186561584	19.404626160190517	19.392385477548075	0	0.43898264985893665	0.07483143103871369	0.07916874874041276	0.020005447979835347	0.01991703861843675
208	-0.13950204849243164	0.006588552509697365	-0.1359570026397705	0.006394422519122145	10	0	209	16.436599373817444	17.337969183921814	19.424086981724102	19.410869784114865	0	0.43882463591777465	0.07380098161789087	0.07813449032031573	0.019935684722987807	0.01984801768456006
209	-0.10132813453674316	0.01681576202048518	-0.09519541263580322	0.016458120902839823	10	0	210	16.3352712392807	17.24277377128601	19.4343543725728	19.419931950701766	0	0.4384649464363126	0.072963043263084	0.07730516064109985	0.019857756508961558	0.019770224999649626
210	0.026757478713989258	0.009784450872245998	0.031181693077087402	0.009685737169448316	10	0	211	16.36202871799469	17.273955464363098	19.435070335239928	19.42090424868492	0	0.4381702974593267	0.07274301676523118	0.07708552508127121	0.019764194309882188	0.019677081669179555
211	-0.2921680212020874	0.013939474894598902	-0.285068154335022	0.01335416062353545	10	0	212	16.069860696792603	16.988887310028076	19.52043248785307	19.502168101300896	0	0.43792871133545885	0.07101358056633393	0.07536915693237883	0.019746182796589226	0.019658673366574904
212	-0.19672858715057373	0.03208283212366325	-0.1932617425918579	0.031813938931705366	10	0	213	15.873132109642029	16.79562556743622	19.559134624855332	19.539518202450537	0	0.43782379119278664	0.06975064581295229	0.07410203004783054	0.019693357424089303	0.019606712309299223
213	0.03524494171142578	0.006639417133669667	0.0396881103515625	0.006788341513242813	10	0	214	15.908377051353455	16.83531367778778	19.560376830771574	19.541093348553815	0	0.4375280359480236	0.06958864720214701	0.073940462349726	0.019601351730201454	0.019515113745335336
214	-0.14880895614624023	0.008344909031052339	-0.14702200889587402	0.00822119040680036	10	0	215	15.759568095207214	16.688291668891907	19.582520936200908	19.562708819653594	0	0.4374938701937979	0.06856809765379006	0.07290792743736338	0.01953621599561971	0.01945113219423875
215	0.10408210754394531	0.019739087803941402	0.1111915111541748	0.02002474232943996	10	0	216	15.86365020275116	16.79948318004608	19.593354021311697	19.575072371806343	0	0.43702096605915314	0.06873327909513961	0.07308599061744157	0.01944583914379926	0.019361269261139277
216	-0.11033153533935547	0.008690943328360845	-0.10599565505981445	0.008519401270973503	10	0	217	15.753318667411804	16.693487524986267	19.605527069002036	19.586307450697902	0	0.43678849816818704	0.06790427532460955	0.07225690892449131	0.019373347796666454	0.019289251139640504
217	0.0016105175018310547	0.012713189846465411	0.008690357208251953	0.012598535726965565	10	0	218	15.754929184913635	16.70217788219452	19.60552966276866	19.58638297300631	0	0.4363233375943172	0.06759877413648614	0.07196397550644414	0.019286282805285063	0.01920238930215679
218	-0.01604485511779785	0.00645154936620429	-0.012480497360229492	0.00655717354089802	10	0	219	15.738884329795837	16.68969738483429	19.60578710014441	19.586538735820668	0	0.43609777727955534	0.06721508776376006	0.0715766155391658	0.019201443595496345	0.019118026637679735
219	0.09269571304321289	0.006253975481513407	0.09794950485229492	0.006421547753575396	10	0	220	15.83158004283905	16.787646889686584	19.614379595361	19.596132841321477	0	0.4357481354314333	0.06733143765088086	0.07169703969128055	0.019113918798576483	0.019030910503951875
220	0.13316404819488525	0.0163111359430701	0.13680684566497803	0.016526875812147068	10	0	221	15.964744091033936	16.924453735351562	19.63211225909265	19.61484895434228	0	0.43551248421892097	0.06763067678971724	0.07199299335479736	0.01902919194224972	0.018946520475762063
221	0.028232336044311523	0.010144619499044438	0.03180670738220215	0.010493798487743788	10	0	222	15.992976427078247	16.956260442733765	19.63290932389117	19.615860620976775	0	0.4352765032541197	0.06745240375467015	0.07181115495673132	0.018943730159456596	0.01886147131804424
222	0.051259398460388184	0.009575804474550864	0.05391573905944824	0.00972600428150372	10	0	223	16.044235825538635	17.010176181793213	19.63553684982169	19.618767527895102	0	0.4350993162636975	0.0673794622893806	0.07173054497521203	0.018858346045802818	0.01877649054927704
223	0.06327080726623535	0.007156327396671713	0.07131803035736084	0.007414866937509146	10	0	224	16.10750663280487	17.081494212150574	19.63954004487381	19.623853789349155	0	0.4345626893872551	0.0673610378273934	0.07172869513387638	0.018773598046294637	0.01869210149212493
224	0.044139862060546875	0.01324590070260001	0.04593682289123535	0.013133693678980762	10	0	225	16.151646494865417	17.12743103504181	19.641488372296536	19.625963981046496	0	0.434443354409251	0.06725737186414855	0.07161355284707886	0.018689886924198085	0.018608823734338514
225	-0.20227503776550293	0.01686808551954755	-0.19600582122802734	0.016609304611279185	10	0	226	15.949371457099915	16.93142521381378	19.68240356319957	19.66438226300177	0	0.43415989459081183	0.06605945004357232	0.07042413340674507	0.01864515742756626	0.018564076087266755
226	-0.05401301383972168	0.019769499921551414	-0.05227494239807129	0.019649773029129847	10	0	227	15.895358443260193	16.87915027141571	19.68532096886362	19.66711493260449	0	0.4340710879280789	0.06552815595559314	0.06988121714212198	0.018570075173658687	0.018489724199741497
227	-0.04635787010192871	0.01609802177227948	-0.04291033744812012	0.0161405615472745	10	0	228	15.849000573158264	16.83623993396759	19.68747002098401	19.668956229664403	0	0.4338649482812344	0.06503526597296089	0.06938433804701079	0.018494656710366913	0.01841479623035466
228	-0.09004878997802734	0.01117230855197704	-0.08835959434509277	0.011351225354076178	10	0	229	15.758951783180237	16.747880339622498	19.695578805560515	19.676763647577232	0	0.4337977412931043	0.06435507274510567	0.06869247869441383	0.018425920076192162	0.018346901284970168
229	0.14785254001617432	0.008894544546208749	0.153145432472229	0.009157752048011503	10	0	230	15.906804323196411	16.901025772094727	19.71743917914975	19.700217171064338	0	0.4334591507158064	0.06471969050611472	0.06906126888558334	0.01834890417323073	0.018270330545286
230	-0.025419950485229492	0.0034859495805790175	-0.02362346649169922	0.0034000483022964545	10	0	231	15.881384372711182	16.877402305603027	19.71808535303242	19.700775239233423	0	0.4333549427196086	0.06432777902354365	0.06865829177524732	0.018273155363282938	0.018195183890272224
231	-0.04342770576477051	0.005080199674978303	-0.03816390037536621	0.004996657317576592	10	0	232	15.837956666946411	16.83923840522766	19.719971318660413	19.702231722525283	0	0.43302698022491465	0.06386130506342108	0.06819585804299359	0.018199857821960107	0.018122146687771987
232	0.02972555160522461	0.00798022298295109	0.03496980667114258	0.007838521299731838	10	0	233	15.867682218551636	16.874208211898804	19.720854927078648	19.7034546099039	0	0.43268091929797015	0.06371416819506678	0.06805264230432181	0.018121837692974915	0.018044433259618197
233	0.14625978469848633	0.016318266558528194	0.15253937244415283	0.01659072065685052	10	0	234	16.013942003250122	17.026747584342957	19.742246851698695	19.726722870049556	0	0.4322774886090984	0.0640684412272703	0.06841524629633826	0.01804737149936927	0.017970481074244593
234	-0.09122085571289062	0.006144434063685367	-0.08063507080078125	0.005662236492867123	10	0	235	15.922721147537231	16.946112513542175	19.750568096215687	19.733224884692603	0	0.43162036295870837	0.06340481175316705	0.06777827912925655	0.01798233011375231	0.017904853022052365
235	-0.12882757186889648	0.006707902981020197	-0.12174701690673828	0.006556200250315669	10	0	236	15.793893575668335	16.824365496635437	19.767164639489323	19.748047220818293	0	0.4312215300404108	0.06258680161009443	0.06697178850782678	0.017924321499035088	0.017846731253184728
236	-0.14162015914916992	0.02437593191086762	-0.13017475605010986	0.024113279141786848	10	0	237	15.652273416519165	16.694190740585327	19.78722090896676	19.764992687931	0	0.43054292937737965	0.06172151787806365	0.06613642179359824	0.017869171616114628	0.017790572001387277
237	0.1132814884185791	0.013813875009503818	0.12035155296325684	0.013830053900790062	10	0	238	15.765554904937744	16.814542293548584	19.800053604585088	19.779477184231666	0	0.43008116082164655	0.06193907049637806	0.06636517762131831	0.017794944424334113	0.017716824143128442
238	-0.04777407646179199	0.013257685476503411	-0.042685747146606445	0.013577162096737538	10	0	239	15.717780828475952	16.771856546401978	19.802335966966865	19.78129925724113	0	0.4297682302843593	0.06147809088731013	0.06590698045842788	0.017726013101265876	0.01764817571521971
239	0.0450587272644043	0.006877959642565656	0.04675793647766113	0.006980738321715307	10	0	240	15.762839555740356	16.81861448287964	19.804366255869553	19.78348556186478	0	0.429656048163255	0.061409390621105495	0.0658268589354958	0.017651823557835542	0.01757436148341709
240	0.13846635818481445	0.02916056381445742	0.14549756050109863	0.02953862026384968	10	0	241	15.901305913925171	16.964112043380737	19.82353918821852	19.80465510197655	0	0.42920389117778196	0.06173046131928762	0.06615882019201914	0.01758105241500674	0.017504129845441186
241	-0.2088470458984375	0.01979759729158559	-0.20885682106018066	0.019796957605592524	10	0	242	15.692458868026733	16.755255222320557	19.867156276799022	19.848276273679915	0	0.42935035942478667	0.06060773307357092	0.06501767645238346	0.017543911543414666	0.017468659857668847
242	-0.08442425727844238	0.015640908470061277	-0.08092832565307617	0.015758165667648427	10	0	243	15.608034610748291	16.67432689666748	19.87428373201604	19.854825667572925	0	0.4291613305755283	0.06000842732831466	0.06441459379905512	0.017481541415506646	0.017406776019331462
243	0.3477439880371094	0.027897942860590774	0.3511326313018799	0.0281900568189144	10	0	244	15.9557785987854	17.02545952796936	19.995209613231992	19.978119792337907	0	0.4291000258684765	0.06119252428596402	0.0655945034184083	0.017449673756805343	0.0173751041746944
244	-0.07574176788330078	0.007125141490178066	-0.07220697402954102	0.007140410196257108	10	0	245	15.8800368309021	16.95325255393982	20.00094642863408	19.98333363943641	0	0.42890454380486065	0.060631318170516216	0.0650297432649331	0.017387070993065044	0.017312962083940602
245	-0.22179675102233887	0.027641780766145985	-0.21639609336853027	0.027077288666816912	10	0	246	15.65824007987976	16.73685646057129	20.050140227398145	20.03016090866157	0	0.42870609895060074	0.059478550541157624	0.06388106638071489	0.01735428685512409	0.017280372349341735
246	-0.02067387104034424	0.0042304918663518265	-0.015429377555847168	0.004416217686596724	10	0	247	15.637566208839417	16.721427083015442	20.05056763634194	20.030398974353332	0	0.4283749688530892	0.0591527276892003	0.06355866620211097	0.017286667864337798	0.017213003123120466
247	0.04245162010192871	0.015787048477648113	0.04789113998413086	0.015867035904079785	10	0	248	15.680017828941345	16.769318222999573	20.052369776391217	20.032692535642312	0	0.42801921321377817	0.059085111869008916	0.06349523492187624	0.017216671881032954	0.017143290558267705
248	0.1172558069229126	0.02504335422311499	0.12164998054504395	0.02490667798275581	10	0	249	15.797273635864258	16.890968203544617	20.06611870064836	20.04749125340892	0	0.42773802173245073	0.059319671123258526	0.06372972986390514	0.01714871350589503	0.017075634657399585
249	0.1836918592453003	0.016034062557096718	0.18701255321502686	0.016105921815224633	10	0	250	15.980965495109558	17.077980756759644	20.099861399801355	20.082464948468925	0	0.42755081053235794	0.059819157822543836	0.06422484160427108	0.017087006366522186	0.017014124962849615
250	0.08825218677520752	0.011988033930393271	0.09441423416137695	0.011949865195788334	10	0	251	16.069217681884766	17.17239499092102	20.10764984827196	20.091378996081204	0	0.42714939696492815	0.059932889938354494	0.06434559917449952	0.017018901118203252	0.016946362059634457
251	0.022402644157409668	0.012665217196186518	0.02853524684906006	0.012705601978794334	10	0	252	16.091620326042175	17.20093023777008	20.108151726737205	20.09219325639394	0	0.4267509732583552	0.059783367046796945	0.06420292844810334	0.016951620573070935	0.016879314607454846
252	0.07694387435913086	0.0034601998645484855	0.08310604095458984	0.00371910517753804	10	0	253	16.168564200401306	17.28403627872467	20.1140720865386	20.099099870437087	0	0.4263486634794127	0.059851464298036366	0.06427794079931956	0.016884355560263176	0.01681236711415874
253	0.15206098556518555	0.015686983073692318	0.15556669235229492	0.016057551649737434	10	0	254	16.32062518596649	17.439602971076965	20.137194629869654	20.12330086620652	0	0.42613618085551336	0.06021592880897371	0.06463876590427203	0.01682143539251178	0.016749670158589778
254	-0.16764569282531738	0.01904549793772503	-0.16324162483215332	0.0187297947545062	10	0	255	16.152979493141174	17.276361346244812	20.165299708192535	20.14994869428436	0	0.4259534032139132	0.05931883581041351	0.06374159901160893	0.016779077078132035	0.016707701586875776
255	0.015732526779174805	0.01043369562881935	0.02104473114013672	0.010547281689810006	10	0	256	16.16871201992035	17.29740607738495	20.165547220591392	20.150391574993122	0	0.4256104086767659	0.05914790910833022	0.06357416031407374	0.016714021264925147	0.016642894505029895
256	0.03426718711853027	0.009267395001472778	0.03606414794921875	0.009304914694325817	10	0	257	16.20297920703888	17.333470225334167	20.16672146070441	20.151692197760426	0	0.4254940511044376	0.059050718788057566	0.06346669932827353	0.01664888778471412	0.016578104015003082
257	0.10873973369598389	0.022723376398758433	0.11231374740600586	0.022535832740118167	10	0	258	16.311718940734863	17.445783972740173	20.178545790388682	20.164306575616806	0	0.42526552663475037	0.059244061258516424	0.06365676566320634	0.016585106585496726	0.01651456555856202
258	-0.04744136333465576	0.006818881126051224	-0.0412600040435791	0.00678317139710316	10	0	259	16.264277577400208	17.404523968696594	20.180796473343733	20.166008963550482	0	0.42488528060748826	0.05883055186086847	0.06325011151705602	0.016525872375083434	0.016455456552420793
259	0.08426809310913086	0.002238864999071666	0.08955097198486328	0.0023563033871596417	10	0	260	16.34854567050934	17.494074940681458	20.187897584859982	20.174028340133916	0	0.4245421213281335	0.058928766305842456	0.06335165924086994	0.01646223524018014	0.016392113384339654
260	0.031171441078186035	0.026733379228417675	0.03653299808502197	0.02681382737269189	10	0	261	16.379717111587524	17.53060793876648	20.188869243598873	20.175363000082996	0	0.4241940676882569	0.05882200736265916	0.06324851054411668	0.01639914422383637	0.016329270870345428
261	-0.043036699295043945	0.005139911523940555	-0.037743568420410156	0.00511026204742393	10	0	262	16.33668041229248	17.49286437034607	20.190721401085085	20.176787577040102	0	0.42387035381529514	0.05843174411875991	0.06286156771283496	0.016340852352039775	0.016271187865025117
262	0.12450182437896729	0.016072807287130786	0.1297069787979126	0.016175507790151755	10	0	263	16.461182236671448	17.622571349143982	20.206222105358776	20.193611477388984	0	0.42354035590763567	0.05868391999761567	0.06311670286964824	0.016280316375175113	0.016210972958279248
263	-0.052031517028808594	0.005173391164021268	-0.04677772521972656	0.005015118020310183	10	0	264	16.40915071964264	17.575793623924255	20.208929384123095	20.195799632965716	0	0.42322354130784623	0.05826294875416919	0.06269885333318674	0.01622375846054857	0.016154621522192124
264	0.04659116268157959	0.015867523643478876	0.04836857318878174	0.015722796372884318	10	0	265	16.45574188232422	17.624162197113037	20.211100120563117	20.198139151838035	0	0.42310769808354515	0.05821873744328817	0.06264457196900339	0.016162248467019337	0.016093404982389065
265	-0.02568364143371582	0.03208165523307116	-0.02397441864013672	0.03187400418346442	10	0	266	16.430058240890503	17.6001877784729	20.211759770000413	20.198713924587167	0	0.42301118336124455	0.05790212469280891	0.062317707853497196	0.01610425597351033	0.016035891761166685
266	0.09024429321289062	0.003622988409460959	0.09549832344055176	0.003875049852297252	10	0	267	16.520302534103394	17.695686101913452	20.219903802457907	20.207833854367124	0	0.42267143268038415	0.05802371179250846	0.06244244700983951	0.016044060146513987	0.015975979691566354
267	-0.05581045150756836	0.004754428709588865	-0.05051732063293457	0.004781188822846616	10	0	268	16.464492082595825	17.645168781280518	20.223018608955385	20.210385854051054	0	0.4223541205109542	0.057597366611609295	0.062019376719042604	0.015989542126865652	0.015921653994954703
268	-0.11128926277160645	0.013042974614165814	-0.10790061950683594	0.013101136740374386	10	0	269	16.35320281982422	17.53726816177368	20.235403908963633	20.222028397741013	0	0.42219414816909934	0.05696719262137342	0.06138534688237888	0.01594222774614496	0.015874800020620562
269	0.26837825775146484	0.019054035369322264	0.277294397354126	0.019862572443514637	10	0	270	16.621581077575684	17.814562559127808	20.307430798197345	20.298920580545	0	0.4217121526710462	0.057753107361633985	0.062187982757738534	0.015902284805034705	0.015836029336007206
270	-0.03227591514587402	0.012762431817407105	-0.026973247528076172	0.012696891290033818	10	0	271	16.58930516242981	17.78758931159973	20.30847253289585	20.299648136627212	0	0.4213851270037233	0.0574196665375321	0.06185775597890218	0.01584678642185097	0.015780723890938545
271	-0.060976266860961914	0.008685788223090185	-0.05925750732421875	0.008648433069083694	10	0	272	16.528328895568848	17.728331804275513	20.312190638016148	20.303159588801492	0	0.42130371791159577	0.05698278117443802	0.061410836188115756	0.015794246416492852	0.015728735322441303
272	-0.08898377418518066	0.006028715350169023	-0.07926690578460693	0.006056760104925729	10	0	273	16.439345121383667	17.649064898490906	20.320108750084387	20.309442831154158	0	0.42071830656468073	0.05644613942679237	0.06089363860733369	0.015745219992542494	0.0156793348443125
273	-0.06344747543334961	0.014246720744608865	-0.05907249450683594	0.014426422645442472	10	0	274	16.375897645950317	17.58999240398407	20.324134332223252	20.312932390761418	0	0.4204656390529644	0.05600696867638892	0.0604542022223001	0.015693585274898725	0.01562797519082328
274	0.04009723663330078	0.01613943945255869	0.04360318183898926	0.016270326772257704	10	0	275	16.415994882583618	17.63359558582306	20.32574212060888	20.314833628227902	0	0.42023896813561074	0.0559489039609032	0.060392702147908456	0.015636312325715395	0.015570955775234886
275	-0.049794673919677734	0.006041164940484123	-0.04276323318481445	0.006134485440043136	10	0	276	16.36620020866394	17.590832352638245	20.328221630159646	20.31666232234032	0	0.41980755915833134	0.055564381859519264	0.06001758965578946	0.015584093823452006	0.015518764979552284
276	0.11569344997406006	0.008971605779336755	0.11741197109222412	0.008851560464748331	10	0	277	16.481893658638	17.70824432373047	20.341606604526547	20.330447893296082	0	0.4197033798413584	0.055782240801963257	0.06022554031316785	0.015529055312598825	0.015463833614740456
277	0.14807617664337158	0.008231282509100879	0.15502917766571045	0.008378776727695936	10	0	278	16.629969835281372	17.86327350139618	20.363533158615866	20.35448193922379	0	0.4192727771224507	0.05611543190608386	0.06056779171155248	0.015476479209540959	0.0154117070632511
278	-0.11741220951080322	0.014706479263580263	-0.11123037338256836	0.014699016962140377	10	0	279	16.51255762577057	17.75204312801361	20.377318785558074	20.366854135186614	0	0.4189381853448712	0.05549123175710225	0.059949812700422545	0.015433335963006051	0.015368598847722313
279	0.07737278938293457	0.007466651757511045	0.07918930053710938	0.0073737342138429085	10	0	280	16.589930415153503	17.83123242855072	20.38330533409497	20.37312508050617	0	0.41882131599721517	0.055569660279058644	0.06001877143818845	0.01537811985032597	0.0153135704560064
280	-0.3755667209625244	0.03124964234808658	-0.3738284111022949	0.03075612806060235	10	0	281	16.21436369419098	17.457404017448425	20.524355695989513	20.512872761453437	0	0.4191144615527554	0.05402988748891013	0.058469317214829584	0.015400268847965656	0.015337249089827695
281	0.1015920639038086	0.006840198534405317	0.11046934127807617	0.0069473478856707516	10	0	282	16.315955758094788	17.5678733587265	20.53467664343775	20.52507623681585	0	0.418549635745653	0.054199147903198026	0.05865437068124683	0.015346299202434322	0.015283691011789231
282	0.2093651294708252	0.02094676760037828	0.21282196044921875	0.021464955936494334	10	0	283	16.525320887565613	17.78069531917572	20.578510400876084	20.570369423665298	0	0.41837921453520033	0.05474938188038819	0.05920106426198432	0.015301679017655686	0.015239206329732058
283	0.07338953018188477	0.002748635489865592	0.07681751251220703	0.0029461535301607	10	0	284	16.598710417747498	17.857512831687927	20.5838964240164	20.57627035389386	0	0.41815956937307386	0.054815248128803375	0.05926331319573069	0.015247655876146494	0.015185389655212645
284	0.027070283889770508	0.015753410508352772	0.035996079444885254	0.015731538246555488	10	0	285	16.625780701637268	17.893508911132812	20.584629224286275	20.577566071629263	0	0.417588377166813	0.05471755459275044	0.0591813863163263	0.015194186161573734	0.015132047286665931
285	0.14995133876800537	0.009712530965899191	0.1552053689956665	0.009534069980887239	10	0	286	16.775732040405273	18.04871428012848	20.60711462828459	20.601654778194344	0	0.41727123231478913	0.05505170822143555	0.05951831257134153	0.015144466265772516	0.015082622624355318
286	0.11588835716247559	0.01915778167580129	0.12652325630187988	0.019479765865696663	10	0	287	16.89162039756775	18.17523753643036	20.62054473961041	20.617662912579576	0	0.4165986639597509	0.05526442377717345	0.059752595591378375	0.015092919739188238	0.015031619541264352
287	-0.038368940353393555	0.006331591470541298	-0.032109737396240234	0.00652342315822807	10	0	288	16.853251457214355	18.14312779903412	20.62201691519425	20.61869394781523	0	0.4162165089731524	0.054938175121666245	0.05943251777609051	0.015043777261402458	0.014982572351436008
288	-0.17592716217041016	0.013187923374630373	-0.1723041534423828	0.013209591347958849	10	0	289	16.677324295043945	17.970823645591736	20.652967281583585	20.648382669108727	0	0.416103048967198	0.05413655936717987	0.05862787655658192	0.015012867432208522	0.014952125280677573
289	-0.10834956169128418	0.01983175532365067	-0.10387718677520752	0.01961814499919967	10	0	290	16.56897473335266	17.86694645881653	20.66470690910228	20.65917313904106	0	0.4158754214127075	0.053574323654174805	0.058065575299378495	0.014971390433871147	0.014910904171575418
290	-0.038320302963256836	0.004227420064637499	-0.034784793853759766	0.004121193150126601	10	0	291	16.530654430389404	17.83216166496277	20.666175354721474	20.660383120924507	0	0.4156681026734559	0.05325744563135607	0.057745401612643535	0.014923040328382268	0.014862847275674957
291	-0.009491920471191406	0.003932284285383503	-0.0043163299560546875	0.0038361357962912734	10	0	292	16.521162509918213	17.827845335006714	20.666265451275706	20.660401751628797	0	0.4153459071823433	0.05304181207086622	0.05753213105742464	0.01487323320564219	0.014813219479407173
292	0.11609363555908203	0.01846195221025937	0.11958956718444824	0.018598522535228312	10	0	293	16.637256145477295	17.947434902191162	20.67974318349303	20.67470341620816	0	0.41513101536305275	0.053257742973223124	0.05774465652361308	0.014823782720944787	0.01476393183185567
293	0.15177679061889648	0.010383967173424935	0.1535639762878418	0.010221966244444047	10	0	294	16.78903293609619	18.100998878479004	20.702779377663603	20.698285311021493	0	0.4150375651075254	0.05359398545665546	0.05807168491871284	0.014776928993364934	0.014717090600273998
294	-0.26462841033935547	0.026867106336226243	-0.25945234298706055	0.02630404620219906	10	0	295	16.524404525756836	17.841546535491943	20.772807573222337	20.76560082930297	0	0.4149332508039421	0.05251159635530848	0.056991671218353065	0.014766305244847514	0.014706657173626706
295	0.23292052745819092	0.030225799839300294	0.24085938930511475	0.03078936505296781	10	0	296	16.757325053215027	18.082405924797058	20.82705954533374	20.8236140747194	0	0.4145021962171647	0.05312315205396232	0.05761495161864717	0.014728866490845456	0.014669965900061801
296	-0.04339885711669922	0.014447748068391775	-0.04166066646575928	0.014491048228094883	10	0	297	16.713926196098328	18.0407452583313	20.828943006132775	20.825349685849773	0	0.4144126471195575	0.05279706418514252	0.05727956101701066	0.014682643968854677	0.014624167632228765
297	-0.09059536457061768	0.040752640279222874	-0.09057581424713135	0.04074404043372226	10	0	298	16.62333083152771	17.950169444084167	20.837150526214458	20.833553663976303	0	0.41445825964697014	0.052314261394719085	0.05678173147066675	0.014641086539272848	0.014583344480269662
298	-0.05456995964050293	0.01123852243864576	-0.04934549331665039	0.011287794568943355	10	0	299	16.568760871887207	17.900823950767517	20.840128406709624	20.835988641686967	0	0.41415153015840517	0.05195558951205055	0.05642559984386367	0.014596280120454996	0.014538687152281907
299	-0.0621485710144043	0.005373782216111067	-0.051514387130737305	0.005088862206946487	10	0	300	16.506612300872803	17.84930956363678	20.843990851588757	20.838642373768423	0	0.41350426228559245	0.05157397024607579	0.05606459654294527	0.014552385841737903	0.014494477515164046
300	-0.1488478183746338	0.0146882469170464	-0.14707040786743164	0.014530262757375567	10	0	301	16.35776448249817	17.702239155769348	20.866146524623645	20.860272078638715	0	0.4134828491909185	0.05090589761734009	0.055387479861577354	0.014519174970804441	0.014461941994358808
301	0.027782201766967773	0.029240451240241327	0.029490947723388672	0.029529346648587307	10	0	302	16.385546684265137	17.731730103492737	20.866918375358665	20.86114179463634	0	0.41337539980340665	0.05082907470753819	0.05530144487108503	0.01447106203212471	0.014414072363954427
302	-0.016191482543945312	0.013958303758158763	-0.012676000595092773	0.013806233585057726	10	0	303	16.36935520172119	17.719054102897644	20.867180539465636	20.861302475627426	0	0.4131625008967853	0.050607152332533274	0.05507635399205795	0.01442477222868366	0.014368027619406035
303	-0.050371408462524414	0.007890463084606836	-0.04865264892578125	0.008011186497355993	10	0	304	16.318983793258667	17.670401453971863	20.869717818256134	20.86366955587492	0	0.4130767995299676	0.0502738897556519	0.05473401404843472	0.014380948915024248	0.01432462120295714
304	0.06510686874389648	0.006462160636374392	0.07308506965637207	0.006612023222430707	10	0	305	16.384090662002563	17.743486523628235	20.87395672261377	20.869010983281598	0	0.41257197364902587	0.05032268244969217	0.05479437936293451	0.014333648146535592	0.014277550594206954
305	0.0500493049621582	0.008593893354600368	0.055283546447753906	0.008682303441446493	10	0	306	16.43413996696472	17.79877007007599	20.876461655540965	20.87206725378944	0	0.41224023551229555	0.050321786130060914	0.05479598318944212	0.01428657531140825	0.014230662050252486
306	0.091064453125	0.010349161356543846	0.09904336929321289	0.01052335481983846	10	0	307	16.52520442008972	17.8978134393692	20.88475439016392	20.88187684279039	0	0.41173912196024465	0.050454932100632614	0.05494058249043483	0.014240433079930415	0.014184817418174333
307	-0.021347761154174805	0.01019108915858169	-0.012510299682617188	0.010089159095059586	10	0	308	16.503856658935547	17.885303139686584	20.885210117070216	20.88203335038854	0	0.4111909473400508	0.05022104710631728	0.0547208727765161	0.014195898331231903	0.014140244320144017
308	-0.2697560787200928	0.02234234739484009	-0.26794934272766113	0.022420517658417793	10	0	309	16.234100580215454	17.617353796958923	20.957978459076656	20.953830200656725	0	0.4113137859929314	0.04918216033415361	0.05367324220669734	0.014187819452230742	0.014133141380698927
309	-0.21230530738830566	0.013373962847538223	-0.20610404014587402	0.012746309859892335	10	0	310	16.02179527282715	17.41124975681305	21.0030520026219	20.996309076021177	0	0.4110782557943029	0.048335922574534	0.052832539027562804	0.01416712617079802	0.014112392241936793
310	0.11289048194885254	0.013775794485297865	0.11907196044921875	0.013730111327504346	10	0	311	16.134685754776	17.530321717262268	21.015796263536544	21.010487207786397	0	0.4106985872192504	0.048544163088644704	0.05304621458053589	0.014122887140627538	0.014068417511988819
311	-0.03290092945098877	0.01068706221771265	-0.02855503559112549	0.01067391358897396	10	0	312	16.101784825325012	17.501766681671143	21.016878734695283	21.011302597844008	0	0.41043997582053277	0.04828228176215071	0.05278383113946945	0.014079838356782745	0.014025562967182431
312	-0.03242182731628418	0.008921920178352138	-0.03249025344848633	0.008919815923150054	10	0	313	16.069362998008728	17.469276428222656	21.01792990958181	21.012358214413155	0	0.4104595826320713	0.048023614745873675	0.052510516765790105	0.014037021610745479	0.013983208309364835
313	0.11397457122802734	0.010858001572728426	0.12288117408752441	0.011053528786021616	10	0	314	16.183337569236755	17.59215760231018	21.030920112468422	21.027457997358283	0	0.40990988220379687	0.04823432067712656	0.05273534314700971	0.01399368943814587	0.013940275026738898
314	0.10467803478240967	0.01139800822961945	0.10826194286346436	0.011408134330238795	10	0	315	16.288015604019165	17.700419545173645	21.04187760343433	21.039178645630855	0	0.40969136635197156	0.04841407772841727	0.05291217945183918	0.013950210544730956	0.013896933479149103
315	-0.08852553367614746	0.013521942326804037	-0.0814063549041748	0.013377215032562617	10	0	316	16.199490070343018	17.61901319026947	21.049714373546976	21.04580564024964	0	0.40928641216166084	0.04797934880332341	0.05248577140626453	0.013912647295007805	0.01385930716132875
316	0.02935612201690674	0.00470267525106749	0.03550851345062256	0.004853054822220315	10	0	317	16.228846192359924	17.654521703720093	21.050576155446848	21.047066494777113	0	0.4089003279526019	0.047920414541341085	0.052432045906404906	0.01386867526497531	0.013815483441375195
317	0.05972647666931152	0.009397296170789105	0.0649118423461914	0.009386566251805561	10	0	318	16.288572669029236	17.719433546066284	21.054143407462178	21.05128004205389	0	0.4085746297500843	0.04795765763953657	0.05247141434943262	0.013824906441176926	0.013771888785307041
318	-0.004248142242431641	0.005149355021671909	0.0010057687759399414	0.00528630538686059	10	0	319	16.284324526786804	17.720439314842224	21.05416145417469	21.05128105362472	0	0.4082506755513992	0.0477934884575178	0.05230957269668579	0.013782341110815307	0.013729466570076865
319	-0.12282228469848633	0.0063051330250800675	-0.12110376358032227	0.006315877361203093	10	0	320	16.161502242088318	17.599335551261902	21.069246767793246	21.06594717517804	0	0.4082119589034926	0.04725864277364318	0.051765957222463195	0.013749474861302511	0.013697151633030431
320	0.07324135303497314	0.011504597541048156	0.08386623859405518	0.011422586568428983	10	0	321	16.23474359512329	17.683201789855957	21.07461106358764	21.072980721153954	0	0.4075474040273375	0.047339838743209836	0.05186627060174942	0.013706680903068898	0.013654649422977805
321	0.05751991271972656	0.012729652178677497	0.06098675727844238	0.01305425727372267	10	0	322	16.292263507843018	17.7441885471344	21.077919603946924	21.076700105717293	0	0.4073298090902601	0.0473715523693049	0.05189468333282946	0.013663951046984445	0.013612074761994598
322	-0.029737234115600586	0.0014746191238259598	-0.026114463806152344	0.0013922433940933843	10	0	323	16.262526273727417	17.718074083328247	21.07880390703977	21.077382070937176	0	0.4071165621880374	0.04713208408829588	0.05165241890072082	0.013623555110252745	0.013571897827497787
323	-0.015840530395507812	0.005974194281975542	-0.014082670211791992	0.00589770962443481	10	0	324	16.24668574333191	17.703991413116455	21.07905482944298	21.07758039253747	0	0.40701575096099823	0.046937122433547265	0.051448904692942145	0.013582710705856763	0.013531344856384535
324	0.02585887908935547	0.0033527156529089552	0.03106403350830078	0.003348385234858142	10	0	325	16.272544622421265	17.735055446624756	21.07972351107074	21.078545366715275	0	0.4066902311260435	0.04687206612692939	0.051385988423853744	0.013540880144791665	0.013489663519590639
325	-0.03347659111022949	0.008920753178301766	-0.024726390838623047	0.008729625347541514	10	0	326	16.239068031311035	17.710329055786133	21.0808441932231	21.07915676111918	0	0.40615651796662083	0.04662483948927659	0.05115179648766151	0.013501415294958094	0.01345013182320883
326	-0.12473607063293457	0.007596751740095442	-0.11678695678710938	0.007172439759756344	10	0	327	16.1143319606781	17.593542098999023	21.096403280540045	21.092795954394774	0	0.40572786157042184	0.04609919252571153	0.0506366469377389	0.013470196252841843	0.013418702324634714
327	0.11902403831481934	0.00979152482199197	0.12792038917541504	0.010020542564518564	10	0	328	16.23335599899292	17.72146248817444	21.110570002236813	21.109159580361563	0	0.40518478922170864	0.04632220428653449	0.05087298865712017	0.013430791440692095	0.01337969115737193
328	0.0003216266632080078	0.009333267476392848	0.009247779846191406	0.00928988521059182	10	0	329	16.233677625656128	17.73071026802063	21.110570105680523	21.109245101793647	0	0.4046311386186022	0.04618195862304873	0.05074608253269661	0.013390515746883047	0.01333944072401264
329	0.07314431667327881	0.01978337332646163	0.07924783229827881	0.019821850193196155	10	0	330	16.306821942329407	17.80995810031891	21.115920196742124	21.115525320717623	0	0.4042511954674669	0.046263911079128466	0.050832713990950656	0.013350004592834598	0.013299115669273793
330	-0.01970672607421875	0.0038753502885526814	-0.01262664794921875	0.003972921491396164	10	0	331	16.287115216255188	17.79733145236969	21.11630855179469	21.115684752956057	0	0.4038187674960517	0.046064000057451655	0.05064041289416227	0.013310989818133438	0.01326014853802859
331	0.011640310287475586	0.0017609141761454339	0.01700139045715332	0.0017849624333052816	10	0	332	16.298755526542664	17.814332842826843	21.116444048618277	21.115973800233533	0	0.4034863802415315	0.04596000099470248	0.0505387844275852	0.013271121916481832	0.013220417594643666
332	-0.06568276882171631	0.011025212696850417	-0.06125915050506592	0.01060639485480408	10	0	333	16.233072757720947	17.753073692321777	21.120758274738364	21.119726483754135	0	0.4032405126441767	0.045623727591640975	0.05020204365971577	0.013235360846696716	0.01318483778893181
333	0.02052783966064453	0.015397855001083371	0.029317140579223633	0.015418096368932765	10	0	334	16.253600597381592	17.782390832901	21.121179666939497	21.120585978485877	0	0.4026930036849072	0.04554836456482117	0.05013932623304762	0.013195770366555677	0.01314533366739546
334	-0.17221641540527344	0.007515098900853445	-0.17037081718444824	0.007521179197908623	10	0	335	16.08138418197632	17.612020015716553	21.15083816067454	21.149612193833974	0	0.4026962982691578	0.044896374205629266	0.049479116222815596	0.013172348394704518	0.01312253577476768
335	-0.0758202075958252	0.010129838103978273	-0.0677633285522461	0.009936758245544297	10	0	336	16.005563974380493	17.544256687164307	21.156586864554413	21.154204062530454	0	0.4022291149648176	0.044536026200251794	0.04912913877572586	0.013137911849635909	0.013087985483995996
336	0.01449275016784668	0.012720664032883633	0.02158212661743164	0.012660099788490697	10	0	337	16.02005672454834	17.56583881378174	21.15679690436184	21.154669850719785	0	0.4017893846038872	0.044446611688250585	0.04904715362049285	0.013099057738245835	0.013049232557238352
337	-0.11747097969055176	0.004192857354098578	-0.11304724216461182	0.004033316562825462	10	0	338	15.902585744857788	17.452791571617126	21.1705963354313	21.16744952968081	0	0.4015790960151072	0.04396614405804643	0.048566161348133484	0.01306896523474318	0.013019341206067606
338	0.08786153793334961	0.010347307124675353	0.0967094898223877	0.010653857294926183	10	0	339	15.990447282791138	17.549501061439514	21.178315985279312	21.176802255102515	0	0.40103379111153	0.0440960120872633	0.048708597231193404	0.01303088944902103	0.012981546735159269
339	0.1024017333984375	0.040033083304933825	0.10775351524353027	0.040489681545011535	10	0	340	16.092849016189575	17.657254576683044	21.188802100282317	21.188413075149853	0	0.40070929591715176	0.04426800536546735	0.04888277103063983	0.01299353175772629	0.012944368295994872
340	-0.1337505578994751	0.010630512814159943	-0.12951207160949707	0.010641367995901874	10	0	341	15.9590984582901	17.527742505073547	21.206691312020737	21.205186451842437	0	0.4005253726020356	0.04374442135586458	0.04835808031699237	0.012965835072280179	0.012916901464876599
341	-0.07832002639770508	0.010582134379887975	-0.06778264045715332	0.01020273468935784	10	0	342	15.880778431892395	17.459959864616394	21.212825338555675	21.20978093818978	0	0.3999067115556216	0.04338646109852273	0.04801749169302127	0.012932711060577029	0.012883468986835987
342	-0.058994293212890625	0.0065061544967193186	-0.05366253852844238	0.006413052164759847	10	0	343	15.821784138679504	17.40629732608795	21.216305665187363	21.212660606231097	0	0.3996018581385137	0.043087102167787605	0.047720181663133944	0.01289831506983208	0.01284918289420253
343	-0.04200148582458496	0.017741096401607592	-0.040224552154541016	0.017458550734886558	10	0	344	15.77978265285492	17.36607277393341	21.218069789998836	21.21427862082713	0	0.3995101396716723	0.04283903048267865	0.04746378302226609	0.012863048004330966	0.01281423233531732
344	0.0039844512939453125	0.02419034368767825	0.009199380874633789	0.024738762654294533	10	0	345	15.783767104148865	17.375272154808044	21.21808566585095	21.214363249435607	0	0.3991901563720547	0.042726081124571866	0.047352549295092736	0.012826098252387874	0.012777411540185937
345	-0.1674511432647705	0.011053497105251608	-0.16230463981628418	0.010823881936573798	10	0	346	15.616315960884094	17.21296751499176	21.24612555123163	21.2407060455415	0	0.3989829185659798	0.0421168717785158	0.04674484729766846	0.012803369018555891	0.01275480692068604
346	0.12002956867218018	0.03484321476061325	0.1217581033706665	0.03494590482422666	10	0	347	15.736345529556274	17.334725618362427	21.260532648587258	21.255531081277923	0	0.39889028742084964	0.04234205298341079	0.04696164861579851	0.012768297230828195	0.012719737658354048
347	0.1700589656829834	0.017717960255765774	0.17091846466064453	0.01775383617712123	10	0	348	15.906404495239258	17.50564408302307	21.289452700396424	21.284744202839875	0	0.3988768599677879	0.04271011325055653	0.04731887286953006	0.01273676692622057	0.012688058090641977
348	-0.36432695388793945	0.03521151434870262	-0.35904359817504883	0.03446780108617986	10	0	349	15.542077541351318	17.146600484848022	21.42218682972569	21.41365650823036	0	0.39896869211303726	0.04154046650590568	0.046151164619401955	0.012753861231883212	0.012705319715401914
349	-0.10356462001800537	0.022040417703365733	-0.10087895393371582	0.021795908086858162	10	0	350	15.438512921333313	17.045721530914307	21.432912460245163	21.42383307157712	0	0.39885652007961425	0.04112469261901768	0.04572987488142741	0.012724059480175642	0.012675865320615898
350	-0.05909156799316406	0.005131965384407522	-0.0538179874420166	0.005035532281851829	10	0	351	15.379421353340149	16.99190354347229	21.436404273653054	21.42672944734943	0	0.39855657665649613	0.040838360445840015	0.04544545241764614	0.0126908834702762	0.012642796378542534
351	0.03423917293548584	0.0026362507779964517	0.042021989822387695	0.002697900627083527	10	0	352	15.413660526275635	17.033925533294678	21.43757659461636	21.428495294978063	0	0.39807729486271676	0.040819559341821916	0.04543569896295879	0.012654689421491788	0.01260672933228366
352	-0.11487340927124023	0.008551125074859556	-0.11136770248413086	0.008688513576771584	10	0	353	15.298787117004395	16.922557830810547	21.450772494773958	21.440898060134657	0	0.3979231132912838	0.040377249771898445	0.044990234754302284	0.012626436913507136	0.012578754055501015
353	0.09564459323883057	0.007767882696910533	0.10083043575286865	0.007908734423850206	10	0	354	15.394431710243225	17.023388266563416	21.45992038298978	21.45106483690877	0	0.397611705928003	0.040533814484269355	0.04514842229254185	0.012591590568032386	0.012544067030230092
354	0.15038037300109863	0.0181641452326744	0.15385675430297852	0.01836276919482316	10	0	355	15.544812083244324	17.177245020866394	21.48253463957373	21.474736737753418	0	0.39742799087850145	0.04084411549702876	0.04545550797618715	0.01255980443615502	0.012512350530032603
355	-0.20830035209655762	0.028257243488781114	-0.20656204223632812	0.028274311017298714	10	0	356	15.336511731147766	16.970682978630066	21.52592367625728	21.51740461504626	0	0.39748035727357917	0.04014230009535669	0.04474559938403922	0.012544022773122955	0.012497234251419156
356	0.14602530002593994	0.006857817091670881	0.15125024318695068	0.006926748462390719	10	0	357	15.482537031173706	17.121933221817017	21.547247064504944	21.540281251110372	0	0.3971881066972084	0.040439724252465066	0.04504476973180021	0.012512272599798794	0.012465670709910476
357	0.09871077537536621	0.01708913975272708	0.10392570495605469	0.017146222423093604	10	0	358	15.581247806549072	17.22585892677307	21.55699088168015	21.551081803260985	0	0.39687669252220803	0.040602948485302326	0.04520970232346479	0.012478242581649928	0.012431797950788833
358	0.10203194618225098	0.004881962554975416	0.114501953125	0.005163856023841618	10	0	359	15.683279752731323	17.34036087989807	21.567401399721888	21.564192500530424	0	0.3961231636496687	0.04077453786434408	0.04540325609665343	0.012444521361407905	0.012398534500663572
359	-0.0999901294708252	0.010053361722782483	-0.09822249412536621	0.010034964707813288	10	0	360	15.583289623260498	17.242138385772705	21.57739942571348	21.573840158882632	0	0.3960663066753625	0.04038243572692021	0.04500318436901549	0.012416001455623021	0.012370421009157305
360	-0.10506832599639893	0.013049181533816068	-0.09799802303314209	0.012845169637742515	10	0	361	15.4782212972641	17.144140362739563	21.588438778841166	21.583443771401036	0	0.3956865951174613	0.03997840583324432	0.04460595879289839	0.012388054892165943	0.012342404642000628
361	-0.01862359046936035	0.00571507785986114	-0.011494636535644531	0.00597711171951687	10	0	362	15.459597706794739	17.13264572620392	21.588785616963136	21.583575898070123	0	0.39525860229579635	0.039816073433514114	0.04445055548173899	0.012354757799513106	0.012309148694412932
362	0.06540083885192871	0.004494137357426098	0.06715869903564453	0.004373940994469194	10	0	363	15.524998545646667	17.199804425239563	21.593062886685672	21.588086188926283	0	0.3951521376731666	0.039886749581078795	0.0445132851600647	0.012320784076623147	0.01227525870863748
363	-0.022333860397338867	0.004231674484628911	-0.018007755279541016	0.00412304467965896	10	0	364	15.502664685249329	17.181796669960022	21.59356168800592	21.58841046817649	0	0.39489724598410303	0.039715342942019796	0.04434105088888121	0.012287991185880974	0.012242607454363104
364	-0.05011630058288574	0.010740363937827624	-0.039461612701416016	0.010608302271293724	10	0	365	15.452548384666443	17.142335057258606	21.596073331590034	21.589967687053488	0	0.3942653073147051	0.03946855271255577	0.04411082379110567	0.012256671303514387	0.012211098124964393
365	0.12558579444885254	0.015577988010988975	0.12909150123596191	0.01594158519259281	10	0	366	15.578134179115295	17.271426558494568	21.611845123357384	21.606632302744842	0	0.3940697661329439	0.03970449036114836	0.044343647564927195	0.01222532215931032	0.012179822585092516
366	-0.0462493896484375	0.0015090931298118448	-0.042772531509399414	0.001473051256027702	10	0	367	15.531884789466858	17.22865402698517	21.613984129400237	21.608461792196564	0	0.3938765249961067	0.039469643694455506	0.04410562521772958	0.012194135546673653	0.01214883070941422
367	0.0350193977355957	0.00298579756986328	0.03855490684509277	0.0030153664011436376	10	0	368	15.566904187202454	17.26720893383026	21.615210487618	21.6099482730384	0	0.3936602912843883	0.039457517683668425	0.04409050064450713	0.01216086967341038	0.012115691845942078
368	0.023330330848693848	0.006041099807660544	0.02958965301513672	0.006041730246778343	10	0	369	15.590234518051147	17.296798586845398	21.61575479195551	21.610823820603954	0	0.39327842619393655	0.03941369380639947	0.04405109616725341	0.012127857989040713	0.012082788169119701
369	0.10375964641571045	0.00552670710438008	0.11168932914733887	0.005544655933420017	10	0	370	15.693994164466858	17.408487915992737	21.626520856179823	21.623298326849337	0	0.39280563539856017	0.03958807308176346	0.04423439761164389	0.012096203503181111	0.012051393081852378
370	0.10249042510986328	0.014367730348681107	0.10254883766174316	0.014661426190912152	10	0	371	15.796484589576721	17.51103675365448	21.637025143419024	21.63381459095511	0	0.392811274177324	0.03975807943859616	0.04439200420637388	0.012064664624068338	0.012019810946350355
371	-0.011337757110595703	0.008005150006965778	-0.0042378902435302734	0.007932889903543128	10	0	372	15.785146832466125	17.50679886341095	21.637153688155323	21.633832550668828	0	0.39238442786156946	0.03962035481177893	0.04426092632375959	0.012032889569269203	0.011988085377440257
372	0.06941342353820801	0.010739232923867803	0.07461857795715332	0.01056285775376864	10	0	373	15.854560256004333	17.581417441368103	21.641971911522617	21.639400482845176	0	0.39206904161103534	0.03970044370620481	0.04434253291417194	0.012000766743743589	0.011956094417134933
373	0.13316357135772705	0.009590496055764675	0.13404226303100586	0.009623866874676423	10	0	374	15.98772382736206	17.71545970439911	21.65970444825936	21.65736781112365	0	0.39203724543087315	0.03995101509401051	0.044583014764351114	0.011971172533343342	0.011926422220483695
374	0.09247016906738281	0.019869609081411	0.09777307510375977	0.019998225641870704	10	0	375	16.080193996429443	17.81323277950287	21.668255180426712	21.666927385338894	0	0.39172108367351904	0.04009144063939385	0.04472523417702333	0.011939946943717084	0.011895340854885927
375	-0.0948343276977539	0.004411119604014857	-0.08781266212463379	0.00424214748892382	10	0	376	15.98535966873169	17.725420117378235	21.677248730136597	21.67463844896831	0	0.39134058719411385	0.03973163859049479	0.04437179978688558	0.011913498986041174	0.011868841050151558
376	0.17213892936706543	0.01042652253926235	0.1765429973602295	0.010401366735152351	10	0	377	16.157498598098755	17.901963114738464	21.706880541140237	21.705805878885243	0	0.3911187283480104	0.04008378564043248	0.04472331892936788	0.011886989150784703	0.011842451111431559
377	0.041327476501464844	0.0077670466042718544	0.04756808280944824	0.007911107740540047	10	0	378	16.19882607460022	17.949531197547913	21.708588501454216	21.70806860138741	0	0.39073864357661003	0.04008708455518323	0.044730864722153235	0.01185541720566782	0.011810999412889515
378	-0.1652146577835083	0.017973112095447163	-0.16266560554504395	0.018051006121652335	10	0	379	16.03361141681671	17.78686559200287	21.735884384600737	21.734528700614746	0	0.3906970255718196	0.03954395825269992	0.04418219681139345	0.011836479529604815	0.011792482771623994
379	-0.29987406730651855	0.031219248301511016	-0.29996180534362793	0.03122123313727343	10	0	380	15.733737349510193	17.48690378665924	21.825808840843692	21.824505785279754	0	0.39101250744346805	0.0386483961799843	0.04327416514343825	0.011839128060617331	0.011796327038014701
380	0.031797170639038086	0.004072984757215181	0.03537106513977051	0.004027318389091761	10	0	381	15.765534520149231	17.52227485179901	21.82681990090434	21.825756897528876	0	0.39079564638682934	0.038630366639087074	0.043253367511849654	0.011807945122664391	0.011765261500432158
381	0.05751979351043701	0.013829798513043556	0.06371116638183594	0.014189519286901486	10	0	382	15.823054313659668	17.585986018180847	21.830128427549823	21.82981601025061	0	0.39042116405136573	0.03867994518730584	0.0433070625220071	0.011777016719360576	0.011734463767890368
382	0.17643511295318604	0.042196368470698076	0.1826261281967163	0.042849148062472864	10	0	383	15.999489426612854	17.768612146377563	21.861257776632627	21.863168312950734	0	0.39009698474596616	0.03904056080972961	0.04367177211801419	0.011751680656527104	0.011709386105061812
383	-0.2375781536102295	0.021324014569898964	-0.23319339752197266	0.02124270364194558	10	0	384	15.761911273002625	17.53541874885559	21.917701155705473	21.917547473598574	0	0.3900352541267541	0.03831831873552606	0.04294888655759647	0.011743188349291533	0.011701124254758647
384	0.08114266395568848	0.009899244593896128	0.08737313747406006	0.009829295605769062	10	0	385	15.843053936958313	17.62279188632965	21.9242852876193	21.925181538750635	0	0.3896635557218393	0.038429840467870235	0.04306457471102476	0.01171309812384809	0.011671186177891816
385	-0.057363033294677734	0.005084306048047438	-0.05112266540527344	0.005083936576966153	10	0	386	15.785690903663635	17.571669220924377	21.927575805208065	21.927795065668775	0	0.3893104292587298	0.038181027808746736	0.04281993252890451	0.011685284140164044	0.011643402336240184
386	-0.17005860805511475	0.00660876591042836	-0.16118180751800537	0.006289742993160985	10	0	387	15.61563229560852	17.410487413406372	21.956495735381708	21.953774640743546	0	0.3888881874218566	0.03764154688681963	0.042291430611684534	0.011667451031426456	0.011625218412204095
387	0.049452781677246094	0.009321221196728402	0.05478477478027344	0.00959200898716972	10	0	388	15.665085077285767	17.465272188186646	21.958941312997325	21.95677601229127	0	0.3885667657037775	0.0376720668733582	0.04232371315475582	0.01163730354760365	0.011595185116576284
388	0.16509795188903809	0.010489224851369272	0.16687536239624023	0.010689590597053211	10	0	389	15.830183029174805	17.632147550582886	21.98619864671528	21.984623398866148	0	0.3885018217530072	0.038000484102780056	0.04264472256001738	0.011611916950807844	0.011569716174544093
389	-0.06809544563293457	0.006414399464404141	-0.06196260452270508	0.00626281248014493	10	0	390	15.76208758354187	17.57018494606018	21.99083563643123	21.988462763225385	0	0.3881618607783609	0.037727743923510866	0.04237580912278673	0.011585238672489812	0.011543068446004202
390	-0.2590327262878418	0.011277709732439689	-0.25196313858032227	0.010764841174022877	10	0	391	15.503054857254028	17.31822180747986	22.05793358971934	22.051948186428632	0	0.38797089664212425	0.03696681964091766	0.04162109387226594	0.01158052091584834	0.011538142387319086
391	-0.07042944431304932	0.005026312451448689	-0.06709945201873779	0.0048071689779050075	10	0	392	15.432625412940979	17.25112235546112	22.062893896345585	22.056450522889847	0	0.38780179594574044	0.03669214888911723	0.041343036210140606	0.011554130512628418	0.011511953806541726
392	0.16239261627197266	0.007969238725763717	0.16592764854431152	0.008091109524968942	10	0	393	15.595018029212952	17.417050004005432	22.08926525816524	22.08398250744129	0	0.3876312038140044	0.037012813346726556	0.04166085409874819	0.011529078267570282	0.011486946517010408
393	-0.12563467025756836	0.02513567215214607	-0.11945319175720215	0.025191005076351303	10	0	394	15.469383358955383	17.29759681224823	22.10504932853597	22.098251572462274	0	0.3873303968301954	0.03659895206529069	0.04125089469453457	0.011507149560340938	0.0114650122559634
394	-0.17609357833862305	0.010951974506610895	-0.1689453125	0.010521081104457153	10	0	395	15.29328978061676	17.12865149974823	22.13605827686807	22.126794091077997	0	0.3870219075733108	0.03605912330792035	0.040717401782873315	0.011490594036631368	0.011448313394069294
395	0.018818378448486328	0.006271550111023316	0.02055668830871582	0.006175780918113105	10	0	396	15.312108159065247	17.149208188056946	22.1364124082355	22.12721666851222	0	0.3869183176958056	0.03601547585258001	0.04066636200192608	0.011461550117323301	0.01141940760494914
396	0.0819242000579834	0.011424242271971252	0.08455133438110352	0.011438559038310814	10	0	397	15.39403235912323	17.23375952243805	22.14312398279064	22.134365596657844	0	0.3867660150944703	0.036131406974310824	0.04077718263924724	0.01143315795210796	0.011391073299204465
397	-0.11151313781738281	0.013770382532015901	-0.10883712768554688	0.013907772013112663	10	0	398	15.282519221305847	17.124922394752502	22.15555916269652	22.146211117020684	0	0.38666497575435754	0.03575950635770706	0.040400320396615515	0.01141038502371469	0.011368592290286804
398	-0.015674114227294922	0.00733948124525341	-0.010381221771240234	0.007430951365222427	10	0	399	15.266845107078552	17.114541172981262	22.15580484055333	22.146318886786148	0	0.38635495662434116	0.035630276155232184	0.04027272858212342	0.01138241323815581	0.011340709789140986
399	0.25673818588256836	0.016179548295099266	0.26027369499206543	0.016231162600149673	10	0	400	15.52358329296112	17.374814867973328	22.221719336643602	22.21406128309097	0	0.3862745229203225	0.036184431317456085	0.04082410945031876	0.011367365519847945	0.011325680960335338
400	-0.07829093933105469	0.005030741399082217	-0.0729985237121582	0.005016853692154655	10	0	401	15.445292353630066	17.30181634426117	22.22784880782494	22.219390067555125	0	0.38599319088200545	0.035898242890834806	0.040539552867412565	0.011342522544965506	0.011300914406281518
401	-0.0032510757446289062	0.023981158400033564	0.0003523826599121094	0.023872707234204427	10	0	402	15.442041277885437	17.30216872692108	22.22785937731844	22.219390191728664	0	0.38578187955685095	0.03580061366730497	0.040439335485348976	0.011314622804573248	0.011273142818753018
402	0.10075163841247559	0.013960750718922554	0.10873079299926758	0.014008179837787793	10	0	403	15.542792916297913	17.41089951992035	22.238010269961237	22.231212577074913	0	0.3853172820264139	0.03596218338060142	0.04060921473289603	0.011287598288840447	0.011246348319031327
403	0.016230344772338867	0.003363761827642975	0.023349761962890625	0.0032746810184107744	10	0	404	15.559023261070251	17.43424928188324	22.238273694052666	22.231757788458637	0	0.38489305351873465	0.03591322100192087	0.040566387306667735	0.01125966097945019	0.01121848878656146
404	-0.06550860404968262	0.011534421056751398	-0.0566706657409668	0.011130165185818441	10	0	405	15.493514657020569	17.377578616142273	22.242565071257204	22.23496935281416	0	0.3843925760597802	0.035662176880506005	0.040325701531797355	0.011234561181109786	0.01119327379560996
405	0.031475067138671875	0.007357309067970164	0.03863334655761719	0.007636687428089317	10	0	406	15.52498972415924	17.41621196269989	22.243555751108588	22.236461888280402	0	0.3839655279176066	0.035651838337933575	0.040321522877540115	0.011206791961342477	0.011165602659308679
406	-0.1094822883605957	0.0725526934232903	-0.10957050323486328	0.0724070802617689	10	0	407	15.415507435798645	17.306641459465027	22.25554212257326	22.248467583459544	0	0.38403005638724586	0.035294365119464294	0.039952330694997255	0.011184868906125009	0.011144184327212947
407	0.022333621978759766	0.007031005842691229	0.029462575912475586	0.007073796997190129	10	0	408	15.437841057777405	17.336104035377502	22.25604091324395	22.249335626838942	0	0.3836054539764594	0.035262520541723005	0.03992655734172324	0.011157399256031831	0.011116799194793903
408	-0.11106419563293457	0.004250807140522284	-0.1058492660522461	0.004083261660980497	10	0	409	15.32677686214447	17.230254769325256	22.26837616879554	22.26053969396274	0	0.3833533194761855	0.03490387662953021	0.039569263656934105	0.011135795907164635	0.011095273002286141
409	-0.0968167781829834	0.013269283857368919	-0.0968167781829834	0.013270321893116943	10	0	410	15.229960083961487	17.133437991142273	22.277749657333274	22.269913182500474	0	0.38340234825743613	0.03458182123879057	0.03923580145194653	0.011113203142873921	0.011073134117830973
410	0.0234377384185791	0.0045831257697841465	0.032305002212524414	0.004767552630312366	10	0	411	15.253397822380066	17.165742993354797	22.278298984915452	22.270956795668425	0	0.38287486249843583	0.03455464054898518	0.039218897063557696	0.011086097953757954	0.01104610639171911
411	0.012714862823486328	0.006386182353708136	0.018037080764770508	0.0065347717830377405	10	0	412	15.266112685203552	17.183780074119568	22.278460652652072	22.27128213195094	0	0.3825593307581962	0.034501502403667665	0.0391673597976239	0.011059219246648034	0.011019317964940946
412	0.06035208702087402	0.0057237279073092395	0.06572270393371582	0.005870880453414884	10	0	413	15.326464772224426	17.249502778053284	22.282103027059847	22.2756016057633	0	0.38224162924177424	0.03456424654108807	0.03923181451640083	0.011032522246612077	0.01099272847327996
413	-0.02128899097442627	0.02665186085023663	-0.017695069313049316	0.026844385282245753	10	0	414	15.30517578125	17.231807708740234	22.282556248196556	22.275914721241293	0	0.38203649986854205	0.034429008677854374	0.03909397702528836	0.01100660756197511	0.010966945631268332
414	-0.1239544153213501	0.008241921373851824	-0.11689388751983643	0.008101886691761706	10	0	415	15.18122136592865	17.114913821220398	22.297920945274214	22.289578902180793	0	0.3816855364191539	0.034046440020851464	0.038717194743778396	0.01098665214130155	0.010946909520523625
415	0.04043912887573242	0.02587700592357578	0.04401373863220215	0.0261869709317466	10	0	416	15.221660494804382	17.1589275598526	22.299556268418442	22.291516111369177	0	0.38147304768600515	0.0340618440903813	0.03872995750013604	0.010960157132323999	0.010920507025539776
416	0.0820307731628418	0.010714462468286001	0.08912074565887451	0.011059803086666875	10	0	417	15.303691267967224	17.248048305511475	22.306285316164136	22.29945861867597	0	0.3810586975832634	0.03417715401603626	0.0388510892024407	0.01093438688232821	0.01089489758305461
417	0.09452152252197266	0.029124107841653313	0.0981442928314209	0.029745079244378303	10	0	418	15.398212790489197	17.346192598342896	22.315219634384007	22.30909092089135	0	0.380853401386899	0.03432186473187783	0.038993279139200844	0.010909093661303172	0.010869669385695368
418	0.13836908340454102	0.01428531003068656	0.1401660442352295	0.014238272367890659	10	0	419	15.536581873893738	17.486358642578125	22.33436563762622	22.328737440847902	0	0.38077592281964856	0.03457078152296075	0.039235319247086085	0.0108858103170752	0.010846335157033534
419	0.08868193626403809	0.008759687052304344	0.09934616088867188	0.008868851266811362	10	0	420	15.625263810157776	17.585704803466797	22.34223012344576	22.33860710053122	0	0.38015258063714275	0.03469992509036189	0.039378781876302275	0.010860566639324977	0.010821368959784274
420	0.0157623291015625	0.004725382802348577	0.01754903793334961	0.004553803741032425	10	0	421	15.641026139259338	17.603253841400146	22.342478574464465	22.338915069263606	0	0.3800474656611452	0.03465483557610285	0.039326806295485725	0.01083477111158481	0.01079569816773171
421	0.04948270320892334	0.010828218695465353	0.05565464496612549	0.010974669483928778	10	0	422	15.690508842468262	17.658908486366272	22.344927112381328	22.342012508769912	0	0.3796820915560121	0.034690056164304324	0.03936558976026159	0.010809062057410567	0.010770094482292302
422	0.09062516689300537	0.016167443856673458	0.10029304027557373	0.016017670796159678	10	0	423	15.781134009361267	17.759201526641846	22.353140033255713	22.35207120269763	0	0.3791188469696971	0.034822603820059535	0.03950996760508461	0.010784232340062918	0.010745512602495814
423	0.13083934783935547	0.005483361017923016	0.13432574272155762	0.005588403988269874	10	0	424	15.911973357200623	17.893527269363403	22.37025896819874	22.370114607855328	0	0.3789379089097851	0.03504959375863943	0.03973411837368147	0.010761101773223578	0.010722422577426203
424	-0.12052774429321289	0.012061133648671785	-0.11168956756591797	0.011770891357741675	10	0	425	15.79144561290741	17.781837701797485	22.38478590534315	22.38258916735839	0	0.3784816991600155	0.03468266607455488	0.03937698703891826	0.01074196046809911	0.01070306384950936
425	0.06495094299316406	0.009190873887860107	0.068359375	0.00919327752319532	10	0	426	15.856396555900574	17.850197076797485	22.389004530338852	22.38726217150878	0	0.37828227819923066	0.034753885549657484	0.03944518089294433	0.010716892109643017	0.010678068229130661
426	-0.17276346683502197	0.012517344837831956	-0.16749989986419678	0.012327429246525412	10	0	427	15.683633089065552	17.68269717693329	22.418851745811708	22.415318387963296	0	0.3780932944470673	0.03426675561448218	0.03895939431839705	0.010702796916937695	0.010664043284812554
427	-0.34411168098449707	0.030923616824622968	-0.34061551094055176	0.03066756291349293	10	0	428	15.339521408081055	17.342081665992737	22.537264594801684	22.53133731425659	0	0.378294287580734	0.033380623444461154	0.038070460114043546	0.010714408931770655	0.010676112040871941
428	0.02140653133392334	0.016559695941353425	0.025712966918945312	0.016812391934649895	10	0	429	15.360927939414978	17.367794632911682	22.537722834385434	22.531998470924364	0	0.3780408853937093	0.033352646593735595	0.03804158746639145	0.01068938256392912	0.010651177778463248
429	-0.011025428771972656	0.030674348408979313	-0.00930643081665039	0.030751654472283008	10	0	430	15.349902510643005	17.35848820209503	22.53784439446504	22.53208508057891	0	0.37794530056900566	0.03324920119661273	0.037931219125405334	0.010664938179736327	0.010626893998466962
430	0.17305612564086914	0.009334339080965037	0.18097639083862305	0.009791990433654973	10	0	431	15.522958636283875	17.539464592933655	22.56779281708687	22.564837534619883	0	0.37753584979665755	0.033574333579041236	0.03826388231543607	0.010645073507128898	0.010607369182036998
431	0.19470751285552979	0.014186629742837908	0.20094752311706543	0.014414307075270472	10	0	432	15.717666149139404	17.74041211605072	22.605703832649255	22.605217441666767	0	0.3772432468910364	0.03394819246367346	0.038641338558595306	0.01062692451998556	0.010589458761734238
432	-0.08960914611816406	0.0025195919366751696	-0.08610320091247559	0.002472099008571149	10	0	433	15.62805700302124	17.654308915138245	22.61373363171728	22.61263120287414	0	0.37708078808805023	0.03366218010584513	0.03835257805056042	0.010606153717968777	0.010568863155555878
433	-0.29995131492614746	0.07757443884457871	-0.29471683502197266	0.07748820373353738	10	0	434	15.328105688095093	17.359592080116272	22.703704423043206	22.69948921571951	0	0.3770885610652671	0.03289171014041328	0.037583364625450644	0.010609643446743491	0.01057244618564092
434	0.13454079627990723	0.009996924487097658	0.13988280296325684	0.010076295650549127	10	0	435	15.462646484375	17.49947488307953	22.721805648906837	22.719056414284367	0	0.3768048963975549	0.03312592462460566	0.03781907761701241	0.010587759910382136	0.010550690941305193
435	-0.1047067642211914	0.008503721325610059	-0.10294914245605469	0.00838323202765423	10	0	436	15.357939720153809	17.396525740623474	22.73276915538051	22.729654940216804	0	0.37675661571026103	0.03280906786863831	0.03749547251339617	0.010568143299119873	0.010531381530378558
436	0.2871685028076172	0.058603992806297356	0.29076242446899414	0.05868919064118927	10	0	437	15.645108222961426	17.68728816509247	22.815234904385278	22.81419772769989	0	0.37672827623376615	0.03339246106803964	0.03807636001788148	0.010560003830852791	0.0105232440709802
437	0.05507779121398926	0.013479334319470127	0.0585935115814209	0.013488947725193157	10	0	438	15.700186014175415	17.74588167667389	22.81826846747029	22.817630927299334	0	0.37652383257388516	0.033442084249151655	0.038123310021459376	0.010535928211222883	0.010499240780388351
438	-0.26050734519958496	0.056921643982889236	-0.2605760097503662	0.057000027596302516	10	0	439	15.43967866897583	17.485305666923523	22.886132544373226	22.885530784156757	0	0.3767749578300766	0.03277096683031892	0.0374413481041721	0.010533247653938434	0.010497417642587829
439	0.10341787338256836	0.014381712413751302	0.10691428184509277	0.01450725806950004	10	0	440	15.543096542358398	17.592219948768616	22.8968278009082	22.89696144781921	0	0.3765846150633132	0.03293189372451539	0.03759960080062067	0.010510458591097968	0.010474673751644487
440	0.031083345413208008	0.006267734324239882	0.0345308780670166	0.006406148611347362	10	0	441	15.574179887771606	17.626750826835632	22.897793975270275	22.898153829359288	0	0.3763833805309333	0.032927692478353324	0.03759262643077157	0.010486544820138192	0.010450842888091515
441	0.1398148536682129	0.018107505668695012	0.14509797096252441	0.01841773409154257	10	0	442	15.71399474143982	17.771848797798157	22.91734216857654	22.91920725053673	0	0.3761076928778133	0.033170066993523074	0.03783640272222679	0.010465545771483708	0.010429967143894839
442	-0.020849943161010742	0.003368174645459021	-0.015586137771606445	0.0031604861823666397	10	0	443	15.693144798278809	17.75626266002655	22.917776888706356	22.919450178227365	0	0.37580900334110173	0.03304784977597888	0.0377155372459964	0.010442556445849611	0.01040704505711439
443	-0.045293331146240234	0.01411212609048107	-0.04183626174926758	0.01403755628939507	10	0	444	15.647851467132568	17.714426398277283	22.91982837455268	22.921200451024518	0	0.3756250450069587	0.0328710073811206	0.0375359620789642	0.010420458095118275	0.010385078972841997
444	0.07747101783752441	0.0055110567799943055	0.0845022201538086	0.0057569631004525945	10	0	445	15.725322484970093	17.79892861843109	22.92583013315746	22.92834107623544	0	0.3752215205856688	0.03297145785512151	0.03764174193949313	0.010397447346481322	0.010362202683171654
445	0.06349587440490723	0.01971103875001745	0.06867170333862305	0.01941962311173029	10	0	446	15.788818359375	17.867600321769714	22.929861859223905	22.93305687907487	0	0.3749227878569684	0.03304005204961541	0.03771147218982825	0.0103742827572616	0.010339125755432126
446	-0.046494126319885254	0.004758644460892469	-0.04121124744415283	0.004728750630491163	10	0	447	15.742324233055115	17.82638907432556	22.932023563006155	22.93475524599077	0	0.37463311813945616	0.0328617242954237	0.03753451541934847	0.010352531906085953	0.010317435437297743
447	0.07597637176513672	0.0149242610419833	0.07950210571289062	0.014803471454797545	10	0	448	15.818300604820251	17.905891180038452	22.93779597207275	22.941075830803555	0	0.37443295959511214	0.0329581776454678	0.03762840264595595	0.010329796236416377	0.010294756180411205
448	0.01987290382385254	0.005313343934915338	0.030507326126098633	0.00534508258220967	10	0	449	15.838173508644104	17.93639850616455	22.93819090437914	22.94200652775092	0	0.37381498782480455	0.03292896944497313	0.03761250738586698	0.010306754250508136	0.010271763408653113
449	0.01059579849243164	0.009152561534278902	0.01230478286743164	0.009300860593725702	10	0	450	15.848769307136536	17.948703289031982	22.938303175324833	22.942157935432334	0	0.37371696629534756	0.03287922964329709	0.03755614274328695	0.010283894010120838	0.01024901588798265
450	0.17696261405944824	0.02837422792251232	0.17861270904541016	0.02829111308565757	10	0	451	16.025731921195984	18.127315998077393	22.969618942099586	22.974060435264875	0	0.3736790859322908	0.03319941494199965	0.03786960177951389	0.010266009787923578	0.01023101795787221
451	-0.1502741575241089	0.017379228709913264	-0.14314496517181396	0.017005014889107883	10	0	452	15.875457763671875	17.98417103290558	22.992201264519167	22.994550916318914	0	0.3733603423103611	0.03279259992544508	0.037468239103346866	0.010251296979437175	0.01021619476143372
452	0.05683577060699463	0.013337602006473048	0.06309592723846436	0.013313617967426694	10	0	453	15.93229353427887	18.047266960144043	22.995431569339658	22.998532012352996	0	0.3729987460608982	0.03284579278093524	0.037524937528424555	0.010228730286213477	0.010193725184844838
453	0.010087728500366211	0.014575679872280034	0.013545036315917969	0.014612406417427337	10	0	454	15.942381262779236	18.06081199645996	22.995533331605955	22.998715480361795	0	0.372799519422293	0.0327955542284395	0.03747200176415854	0.010206248975956176	0.010171335338391662
454	-0.008359074592590332	0.010518629044796057	-0.00047850608825683594	0.010702486264278832	10	0	455	15.934022188186646	18.060333490371704	22.995603205734	22.998715709329872	0	0.3723469685546964	0.03270490526627864	0.037388410337170844	0.0101841468787696	0.010149251032125222
455	-0.1989651918411255	0.022066104671395692	-0.19816458225250244	0.02201954524660721	10	0	456	15.73505699634552	17.8621689081192	23.035190353298375	23.03798491098918	0	0.3724577663099766	0.03219574021769094	0.03687071145235837	0.010174487626590076	0.010140144442910993
456	0.03442394733428955	0.003272683009598154	0.04589855670928955	0.003493485004881336	10	0	457	15.76948094367981	17.90806746482849	23.03637536144845	23.040091588497177	0	0.3717936533532614	0.032200626636806284	0.03689050935862357	0.010152151810456367	0.010117902217079788
457	-0.28557658195495605	0.02384576563514429	-0.27846717834472656	0.023612859111040052	10	0	458	15.483904361724854	17.629600286483765	23.117929345609525	23.11763555791245	0	0.37167221178209686	0.031505271694592364	0.036200448772839434	0.010153750506977217	0.010119294027770405
458	0.03142595291137695	0.013887677502680162	0.03489255905151367	0.013704116911526398	10	0	459	15.51533031463623	17.66449284553528	23.118916936125913	23.118853048589614	0	0.37147184022217594	0.03150509850947617	0.03619759311842606	0.010131556491740155	0.01009717572966589
459	-0.15479469299316406	0.00901609945265136	-0.1477048397064209	0.008545040913247703	10	0	460	15.360535621643066	17.516788005828857	23.14287833310476	23.140669768262313	0	0.37116169878192506	0.03109921661077761	0.03579693422338282	0.010117603826166343	0.01008311686924039
460	-0.16275358200073242	0.011591350510457232	-0.1609961986541748	0.011455842806924466	10	0	461	15.197782039642334	17.355791807174683	23.16936706155883	23.166589544243408	0	0.3711702801589637	0.030677797483361285	0.03536912306495335	0.010104376878488938	0.010070264544038147
461	-0.08433568477630615	0.018607075908860793	-0.08256804943084717	0.018717950111707182	10	0	462	15.113446354866028	17.273223757743835	23.17647956928552	23.173407027030223	0	0.37110729783570284	0.03042831053702795	0.035113294057370265	0.010085520935114401	0.010051652543879712
462	0.04440474510192871	0.004562463619151913	0.04958057403564453	0.004563025087463757	10	0	463	15.157851099967957	17.32280433177948	23.178451350673086	23.175865260351927	0	0.37080965718659187	0.0304585625598957	0.0351446085161977	0.01006371259590854	0.010029921006362595
463	-0.044501543045043945	0.0079081447732392	-0.0383000373840332	0.007987342156297927	10	0	464	15.113349556922913	17.284504294395447	23.180431738006476	23.177332153215545	0	0.3704684676486144	0.030296661683859114	0.034985980771272795	0.010043258226355314	0.010009491689250475
464	-0.04556691646575928	0.014399878659006049	-0.03672897815704346	0.01459840215586894	10	467	2	-0.09006845951080322	-0.07502901554107666	0.004056731209587383	0.0028159107000789163	1	0.039964555389029786	-0.04503422975540161	-0.03751450777053833	0.000532686710357666	0.000785529613494873
465	0.1020503044128418	0.008926715781854	0.1081538200378418	0.009177275637284765	10	467	1	0.1020503044128418	0.1081538200378418	0.010414264630753678	0.01169724878877787	None	None	None	None	None	None
466	0.16945338249206543	0.011521197212971401	0.18186521530151367	0.011935115419305475	10	467	1	0.16945338249206543	0.18186521530151367	0.028714448838002227	0.03307495653666592	None	None	None	None	None	None
467	-0.13206028938293457	0.011890494896590553	-0.12318301200866699	0.011720375311313092	10	467	1	-0.13206028938293457	-0.12318301200866699	0.01743992003190442	0.015174054447527396	None	None	None	None	None	None
468	-0.01950240135192871	0.004059669427704193	-0.0071582794189453125	0.003979346811661344	10	467	2	-0.15156269073486328	-0.1303412914276123	0.017820263690396132	0.015225295411767092	None	None	None	None	None	None
469	-0.27808570861816406	0.027514208523854222	-0.27019500732421875	0.027003876378358882	10	467	3	-0.42964839935302734	-0.40053629875183105	0.09515192502806258	0.08823063739470172	0	0.48255546685821327	-0.1487940549850464	-0.13867664337158203	0.12929165363311768	0.13151836395263672
470	-0.048320651054382324	0.011257427778971874	-0.04392600059509277	0.011188405118616629	10	467	4	-0.47796905040740967	-0.44446229934692383	0.09748681034638196	0.09016013092298181	0	0.47401656082150456	-0.1153029203414917	-0.10709309577941895	0.08181544271167923	0.08223876112129751
471	0.0836334228515625	0.010880546353178033	0.09414124488830566	0.011311504192065058	10	467	5	-0.39433562755584717	-0.35032105445861816	0.10448135976425021	0.09902270491210174	0	0.4692554343574237	-0.06556883454322815	-0.05678451061248779	0.07629130109811388	0.07689317692020069
472	-0.20096731185913086	0.01678261215670318	-0.19041037559509277	0.016293209282082444	10	467	6	-0.595302939414978	-0.5407314300537109	0.14486922020013537	0.13527881604636605	0	0.4618807238372937	-0.09264853000640869	-0.08350968360900879	0.0650040574143218	0.06528224311267762
473	-0.03901410102844238	0.005505628405160223	-0.024883508682250977	0.005592251386076441	10	467	7	-0.6343170404434204	-0.5656149387359619	0.14639132027919288	0.1358980050507057	0	0.4495030300172735	-0.08370945851008098	-0.07373865445454915	0.053823092808131676	0.05419090195428685
474	0.1770610809326172	0.03300796613143575	0.18671917915344238	0.03311323365227281	10	467	8	-0.4572559595108032	-0.37889575958251953	0.1777419466602197	0.17076205691444102	0	0.4536486116362308	-0.046456524303981235	-0.03653039251055036	0.05879637300027436	0.05900902179370329
475	-0.17606425285339355	0.02766758563308258	-0.16991209983825684	0.027572148785623085	10	467	9	-0.6333202123641968	-0.5488078594207764	0.2087405677930434	0.19963217858588678	0	0.45131976211933444	-0.06265749037265778	-0.05320310592651367	0.05343436544068763	0.05375432877860308
476	0.1651759147644043	0.018568931280356082	0.17571306228637695	0.018770918539757986	10	467	10	-0.4681442975997925	-0.3730947971343994	0.23602365061130115	0.23050725884394296	0	0.45062396599223736	-0.03734266757965088	-0.02776797612508138	0.05349369864003168	0.05379922292830845
477	0.0903024673461914	0.036878900520605384	0.09915018081665039	0.03702694934020201	10	467	11	-0.3778418302536011	-0.273944616317749	0.24417818622011112	0.24033801719991743	0	0.44696394098353526	-0.02457815408706665	-0.015076160430908203	0.04951962681659451	0.049765121277524534
478	0.05969691276550293	0.005886779046079482	0.07384777069091797	0.005940586210613219	10	467	12	-0.31814491748809814	-0.20009684562683105	0.24774190761384318	0.24579151043593583	0	0.4396416296664241	-0.01691678437319669	-0.0069921666925603695	0.045442674582490815	0.045734377525682955
479	0.0695798397064209	0.00856895924954415	0.07837843894958496	0.0086310704127186	10	467	13	-0.24856507778167725	-0.1217184066772461	0.2525832617074144	0.25193469012810965	0	0.4354106179071279	-0.00970873236656189	0.00012205044428507487	0.042104867985449726	0.042351385162568936
480	0.052832841873168945	0.0060531488447281845	0.06257867813110352	0.0060349807340571715	10	467	14	-0.1957322359085083	-0.05913972854614258	0.2553745708878097	0.2558507810847459	0	0.4303416938310055	-0.004897842040428748	0.004926406420194185	0.03902849022808131	0.03925273331936281
481	-0.08106493949890137	0.0056929278578650155	-0.07129931449890137	0.00553263149703298	10	467	15	-0.27679717540740967	-0.13043904304504395	0.2619460953037702	0.26093437333275915	0	0.42561724635229337	-0.010338349001748222	-0.0005182879311697823	0.03654064685656585	0.03674657479529704
482	0.1024317741394043	0.01959490003571318	0.11125946044921875	0.019663357409058335	10	467	16	-0.17436540126800537	-0.019179582595825195	0.27243836365711616	0.2733130408722104	0	0.4224648477674739	-0.0028203407923380534	0.00693356196085612	0.034838342915627415	0.035011418015291305
483	0.22529292106628418	0.03481233968744846	0.23761701583862305	0.03581233404543127	10	467	17	0.05092751979827881	0.21843743324279785	0.3231952639396951	0.32977488708826286	0	0.42279367382857375	0.011436738073825836	0.021351277828216553	0.035570502776380714	0.03578330614047867
484	-0.014219284057617188	0.0019555679915583823	-0.003662586212158203	0.0020159214836894535	10	467	18	0.03670823574066162	0.21477484703063965	0.3233974519788063	0.32978830162602435	0	0.4176049451875622	0.009927560301388012	0.019879874061135686	0.03344673510382948	0.03364475351891613
485	0.031630754470825195	0.007454038510729788	0.04317355155944824	0.007134894651869672	10	467	19	0.06833899021148682	0.2579483985900879	0.32439795660719994	0.3316522571802807	0	0.41195019973243846	0.011133293310801188	0.021173967255486384	0.031556927117082675	0.03174696417603481
486	0.0035256147384643555	0.013692450271904022	0.013242483139038086	0.013566113704030158	10	467	20	0.07186460494995117	0.271190881729126	0.324410386566484	0.3318276205399684	0	0.4071302511008296	0.010732889175415039	0.020756520723041735	0.029852550080793863	0.03003252312099334
487	0.08155202865600586	0.00555082699452214	0.09575152397155762	0.006057006903063211	10	467	21	0.15341663360595703	0.3669424057006836	0.331061119944394	0.34099597488284417	0	0.4009724118604033	0.01427384614944458	0.02450627088546753	0.02854112205197272	0.028737046243347834
488	0.10176753997802734	0.01614750340104365	0.11414074897766113	0.016578710401120134	10	467	22	0.2551841735839844	0.4810831546783447	0.3414177521375734	0.3540240854600256	0	0.39616745705975104	0.018440212522234236	0.028774579366048176	0.027465864611086344	0.027665627902513715
489	0.08540987968444824	0.017188305939669135	0.09781241416931152	0.01748359991512416	10	467	23	0.3405940532684326	0.5788955688476562	0.34871259968528534	0.36359135382565455	0	0.3909612573173059	0.021484288302334873	0.03191266276619651	0.026364003626243183	0.026564146914236603
490	0.2124119997024536	0.020267368302839373	0.2193751335144043	0.02072666665435463	10	467	24	0.5530060529708862	0.7982707023620605	0.3938314573028805	0.41171680303011726	0	0.3929671956559707	0.029785493145818295	0.04006320497264033	0.0265241518111535	0.02665940792165332
491	-0.055771589279174805	0.008899751376304721	-0.04079091548919678	0.009325575797632268	10	467	25	0.4972344636917114	0.7574797868728638	0.39694192747360546	0.41338070181656406	0	0.3872477409794939	0.026220614711443584	0.036694283286730446	0.02564393564005392	0.02574580862000285
492	0.17636752128601074	0.018013976472786908	0.18333053588867188	0.018703896736724346	10	467	26	0.6736019849777222	0.9408103227615356	0.4280474300381769	0.44699078720579166	0	0.3872200176808671	0.03222649097442627	0.042559733390808104	0.025319420806736246	0.02538153725646681
493	0.09938526153564453	0.004061814354599846	0.1098930835723877	0.004313138966097085	10	467	27	0.7729872465133667	1.0507034063339233	0.4379248602486854	0.45906727702283945	0	0.38328694763805937	0.0348095206113962	0.04514947762856117	0.02446286571556996	0.024522920643972792
494	-0.05561470985412598	0.007844174827994266	-0.04590773582458496	0.007751207251374126	10	467	28	0.7173725366592407	1.0047956705093384	0.441017856200844	0.46117479723137933	0	0.380265903082286	0.031460475038599084	0.0417769882414076	0.023776451035803028	0.023836969737161224
495	0.018262386322021484	0.011592511087656021	0.030605792999267578	0.01163316595705055	10	467	29	0.7356349229812622	1.035401463508606	0.44135137095501875	0.46211151179649335	0	0.37505250058483686	0.03098911472729274	0.041378016982759745	0.022916409650473254	0.022973343456784867
496	-0.2948249578475952	0.017945744010731346	-0.28247082233428955	0.017419533767579765	10	467	30	0.440809965133667	0.7529306411743164	0.528273126724855	0.5419012772667031	0	0.3834120141876202	0.01975414670746902	0.030210815626999427	0.02480258616245324	0.024821012341628226
497	-0.17994213104248047	0.005506520696712869	-0.16410183906555176	0.0049976148810060295	10	467	31	0.2608678340911865	0.5888288021087646	0.5606522972489643	0.5688306908513994	0	0.3816466992172686	0.013097604115804037	0.02373372713724772	0.02486898914171702	0.024838742964499044
498	0.13315415382385254	0.01641243292266381	0.14554691314697266	0.01715347552305957	10	467	32	0.39402198791503906	0.7343757152557373	0.5783823259295104	0.5900145947780118	0	0.3786491198176001	0.016970396041870117	0.027663184750464656	0.02436317027636845	0.024343371066150567
499	0.169511079788208	0.015672661707355928	0.1782517433166504	0.01624764190830774	10	467	33	0.5635330677032471	0.9126274585723877	0.6071163321004747	0.6217882787734368	0	0.37783359878844935	0.021737292408943176	0.03236907720565796	0.024066358527413942	0.024035549847780127
500	0.06780266761779785	0.015242746696742415	0.08012676239013672	0.015308240647073035	10	467	34	0.6313357353210449	0.9927542209625244	0.6117135338365642	0.6282085768245622	0	0.373709715279293	0.023133212869817562	0.0338162797870058	0.023367409054689314	0.02334072549333162
501	0.12401390075683594	0.015653756791380147	0.12927746772766113	0.015554595544529093	10	467	35	0.7553496360778809	1.1220316886901855	0.6270929814174906	0.6449212404866387	0	0.37281054184652557	0.0261002919253181	0.03662396178526037	0.022863062147508034	0.022817232644412908
502	-0.05958962440490723	0.0038687327339061994	-0.047128915786743164	0.003699665468445801	10	467	36	0.6957600116729736	1.0749027729034424	0.6306439047542085	0.6471423751898726	0	0.36922240672337286	0.023652008601597378	0.03423102242606027	0.022334816093949567	0.022284573165125412
503	-0.05358409881591797	0.012491899104020376	-0.04306674003601074	0.012841804312699878	10	467	37	0.6421759128570557	1.0318360328674316	0.6335151604001226	0.6489971192872019	0	0.3662123452169777	0.021506561173333064	0.032083862357669406	0.0218113135438843	0.0217628924165888
504	0.014150500297546387	0.01086260191841859	0.021181344985961914	0.011048850006716293	10	467	38	0.656326413154602	1.0530173778533936	0.6337153970587934	0.6494457686626163	0	0.36378527573637787	0.02130774871723072	0.03178919972600164	0.021214561180094526	0.021168586227493867
505	-0.02508854866027832	0.010133278712999072	-0.01815485954284668	0.010278775645758742	10	467	39	0.6312378644943237	1.0348625183105469	0.6343448323326726	0.6497753675876368	0	0.3616389158877393	0.020086793523085743	0.030474882376821416	0.02068480348530446	0.020645866087386906
506	-0.052333831787109375	0.004287044408101792	-0.036493778228759766	0.004285186653532946	10	467	40	0.5789040327072144	0.9983687400817871	0.637083662282194	0.6511071634370467	0	0.3568102655512113	0.01822985441256792	0.028757737233088568	0.020232837751014494	0.020182698233107622
507	0.17219769954681396	0.009878384948720509	0.18372130393981934	0.010460345175772545	10	467	41	0.7511017322540283	1.1820900440216064	0.6667357100114089	0.6848606809583941	0	0.35554067136957346	0.022079050540924072	0.03263182640075683	0.020092676479764596	0.02004950895780981
508	0.11456084251403809	0.016754597975420893	0.1163480281829834	0.016761537066429355	10	467	42	0.8656625747680664	1.2984380722045898	0.6798598966489351	0.6983975446204624	0	0.35572970046403585	0.024334704003682952	0.034673684980811144	0.019725875757865902	0.01966069882725752
509	0.21783232688903809	0.011568908656897747	0.22666049003601074	0.01186011956275479	10	467	43	1.0834949016571045	1.5250985622406006	0.7273108192868278	0.749772522363827	0	0.3566533158794633	0.028941790262858074	0.039244799386887325	0.01979409917853625	0.019723877712903123
510	-0.06525349617004395	0.010037646563290537	-0.05648362636566162	0.009888472897912948	10	467	44	1.0182414054870605	1.468614935874939	0.7315688380492418	0.7529629224112426	0	0.35473572973885337	0.026751202206278957	0.03701855692752572	0.01945203039759476	0.019387960852845974
511	-0.026406049728393555	0.009075115196253591	-0.014892578125	0.008967157668507753	10	467	45	0.991835355758667	1.453722357749939	0.7322661175115002	0.7531847112944519	0	0.3513592069375663	0.025543082844127308	0.03583875840360468	0.01904315836464215	0.018978906816535544
512	0.10029280185699463	0.006476182364067995	0.1100393533706665	0.006698604905594152	10	467	46	1.0921281576156616	1.5637617111206055	0.7423247636158266	0.7652933705846863	0	0.3488406095892641	0.027204187711079915	0.037487660513983834	0.018689134088253137	0.01862549172356971
513	0.04702186584472656	0.015042483011370678	0.05658257007598877	0.015197180790167408	10	467	47	1.1391500234603882	1.6203442811965942	0.744535819483346	0.7684949578210905	0	0.34587110087007134	0.0276350068009418	0.037902767243592636	0.018283410206998748	0.018220819357698242
514	0.01667022705078125	0.0061837353742930645	0.022021770477294922	0.006316081311297239	10	467	48	1.1558202505111694	1.6423660516738892	0.7448137159532706	0.7689799161960451	0	0.3441913825642987	0.02740171361476817	0.037564873695373535	0.017891693665465284	0.017832129560604575
515	0.0998539924621582	0.003537425531703775	0.11050820350646973	0.003916011421836174	10	467	49	1.2556742429733276	1.7528742551803589	0.7547845357639034	0.7811919792382724	0	0.3414237743307236	0.028911136090755463	0.03908452639977137	0.017579904128599434	0.017522694441221457
516	0.049345970153808594	0.008415976857122587	0.0599217414855957	0.008578905510830737	10	467	50	1.3050202131271362	1.8127959966659546	0.7572195605343239	0.784782594340939	0	0.33818774990535394	0.02932817352061369	0.039509775687237174	0.017222442917157313	0.017166630880421523
517	0.07158184051513672	0.00545995609570582	0.08389639854431152	0.005477671472306156	10	467	51	1.376602053642273	1.8966923952102661	0.7623435204258584	0.791821200029645	0	0.33459512402719976	0.03017324686050415	0.04039750814437866	0.016895626279695763	0.016843205041461633
518	0.04424750804901123	0.0007440175254629366	0.057363152503967285	0.0009391751787148905	10	467	52	1.4208495616912842	1.9540555477142334	0.7643013623944057	0.7951117312948384	0	0.3306023113723463	0.03044921276616115	0.04073016783770393	0.016563325420355005	0.01651299430894927
519	-0.04693317413330078	0.0069752416200117295	-0.03639698028564453	0.006991477031647264	10	467	53	1.3739163875579834	1.9176585674285889	0.7665040852286324	0.796436471468752	0	0.3280521693871026	0.0289610899411715	0.03924695345071646	0.016309708025275448	0.01626011232580975
520	0.06438469886779785	0.012182389014526507	0.07762694358825684	0.012706845181185145	10	467	54	1.4383010864257812	1.9952855110168457	0.7706494746769295	0.8024624138396064	0	0.3241988564168714	0.029629459920919168	0.03997110420802854	0.016012973187527604	0.0159667973857599
521	-0.13395476341247559	0.00996685858234514	-0.12165999412536621	0.009541126179044568	10	467	55	1.3043463230133057	1.8736255168914795	0.7885933533178218	0.8172635680101905	0	0.32348793040283286	0.026600122451782227	0.036977935720373084	0.016002978862130156	0.015951661521242704
522	0.05431675910949707	0.006196586235148516	0.05794024467468262	0.006077255463026177	10	467	56	1.3586630821228027	1.931565761566162	0.7915436636379809	0.8206206399631526	0	0.3224557405492259	0.027104061300104315	0.03735906861045144	0.015717402116144003	0.015663583245961496
523	-0.04569268226623535	0.0029436317610702645	-0.029774904251098633	0.0029693173334521816	10	467	57	1.3129703998565674	1.9017908573150635	0.793631484850664	0.8215071848863147	0	0.3183253997429496	0.025804119450705394	0.036160247666495185	0.015488829450960386	0.015427980713560883
524	-0.06599688529968262	0.0067055977138466005	-0.05267596244812012	0.006629544521331354	10	467	58	1.2469735145568848	1.8491148948669434	0.7979870737199235	0.8242819419061505	0	0.3153580818211077	0.024193575507716128	0.034601717664484395	0.01529967355976295	0.01523482638165855
525	0.1699899435043335	0.02726036877909621	0.17704105377197266	0.027571376678110937	10	467	59	1.4169634580612183	2.026155948638916	0.82688365461253	0.855625476626841	0	0.31561667265035803	0.026707305990416427	0.03705756828702729	0.015242280913843153	0.015169960155821232
526	0.015400886535644531	0.009856074625645306	0.029512643814086914	0.009774847946403042	10	467	60	1.4323643445968628	2.055668592453003	0.8271208419186138	0.8564964727717381	0	0.31159644576878504	0.026515671762369446	0.03692968821121474	0.014982935469656242	0.014911173855892355
527	0.14947271347045898	0.007197764665079376	0.159102201461792	0.007604058084609733	10	467	61	1.5818370580673218	2.214770793914795	0.8494629339908357	0.8818099832817268	0	0.31052282887402527	0.028564955790837607	0.038965896765391035	0.014872961209555918	0.014801277450884437
528	-0.03350687026977539	0.007791213735231395	-0.026387453079223633	0.007746490011129481	10	467	62	1.5483301877975464	2.1883833408355713	0.8505856443461113	0.882506280961735	0	0.3089534706231899	0.027547384871811163	0.03789453037449571	0.014662462398261567	0.014595984412441016
529	-0.04633831977844238	0.029147444579336934	-0.0419536828994751	0.02984615672717439	10	467	63	1.501991868019104	2.146429657936096	0.8527328842260005	0.8842663924705647	0	0.30835623208742124	0.026355679958097396	0.03660665596685102	0.014473177734821242	0.014416276715229912
530	-0.008242130279541016	0.011166004273263752	-0.0011718273162841797	0.011192394512647752	10	467	64	1.493749737739563	2.145257830619812	0.8528008169375454	0.8842677656498239	0	0.30651569498674824	0.02580650836702377	0.036006997502039347	0.0142521763489078	0.014198270228549343
531	-0.09085941314697266	0.0021587096899793323	-0.08204150199890137	0.0019234687680977913	10	467	65	1.4028903245925903	2.0632163286209106	0.8610562498949577	0.8909985737000596	0	0.3055753750536779	0.023983603343367577	0.03416248969733715	0.01414566618515637	0.014095863634526867
532	0.0823434591293335	0.006767550326358673	0.09819340705871582	0.007073668790383181	10	467	66	1.4852337837219238	2.1614097356796265	0.8678366951563419	0.9006405188898583	0	0.30164287082721514	0.024881447278536282	0.035147580733666056	0.013955252646255275	0.013912229646963778
533	0.17836928367614746	0.02293075897870267	0.18890666961669922	0.023296173947187526	10	467	67	1.6636030673980713	2.3503164052963257	0.8996522965154838	0.936326248715531	0	0.30134608257439893	0.027207020557287968	0.037477263898560494	0.013937570818883452	0.013896488831013139
534	-0.006659984588623047	0.017688225681695258	0.0021877288818359375	0.01776572705023227	10	467	68	1.6569430828094482	2.3525041341781616	0.8996966519102045	0.9363310348731915	0	0.29908728738735135	0.026701542868543027	0.03695055442069894	0.01373727429406007	0.013697637584494991
535	-0.32447218894958496	0.014334648044894038	-0.3157120943069458	0.01377737699824877	10	467	69	1.3324708938598633	2.036792039871216	1.0049788533119397	1.0360051613648693	0	0.30904724278540724	0.021537223282982323	0.03176433899823357	0.014485597265376716	0.014456960792350473
536	0.025058269500732422	0.0016543867382097233	0.0399707555770874	0.0017589227865784096	10	467	70	1.3575291633605957	2.0767627954483032	1.005606770182311	1.0376028226662726	0	0.30527260242787724	0.021588252938312034	0.03188327257184015	0.014274208555840806	0.014246395398157648
537	0.10300755500793457	0.012901424604763179	0.11162090301513672	0.013286945205891243	10	467	71	1.4605367183685303	2.18838369846344	1.0162173265710237	1.0500620486561871	0	0.3036897779430379	0.022751385825020926	0.03302238157817296	0.01411681241881138	0.01408752995592993
538	0.10639595985412598	0.03503061761369963	0.11876893043518066	0.035018295750262496	10	467	72	1.5669326782226562	2.3071526288986206	1.0275374268443045	1.064168107492904	0	0.30124963678385824	0.023929478416980152	0.03423007944939842	0.013966339898256018	0.013940109544705646
539	-0.07901287078857422	0.011037027658176157	-0.06658148765563965	0.01085599772278556	10	467	73	1.487919807434082	2.240571141242981	1.0337804605945564	1.068601201991342	0	0.29911539140424637	0.02249972356690301	0.032829918795161776	0.013845019077174886	0.013816263654174599
540	0.01847672462463379	0.020526941252057895	0.030791521072387695	0.021017244707820737	10	467	74	1.5063965320587158	2.2713626623153687	1.034121849947411	1.0695493197612933	0	0.2960731580821391	0.022444613992351377	0.03280199553868542	0.013654155364456872	0.013625713984248954
541	0.2593066692352295	0.01097563796832901	0.2682323455810547	0.011444038374293086	10	467	75	1.7657032012939453	2.5395950078964233	1.1013617986572797	1.1414979109772077	0	0.29892530551756863	0.025645452576714592	0.03598348675547419	0.013843500881815553	0.0138117387717964
542	-0.04797792434692383	0.006189401067103972	-0.034687042236328125	0.0061750482395837025	10	467	76	1.7177252769470215	2.504907965660095	1.1036636798819188	1.1427011018763125	0	0.2961915550767415	0.02466380755106608	0.035041213035583496	0.013692906065191069	0.013658878586943538
543	0.0516209602355957	0.0035908806263478255	0.06304693222045898	0.0036779611598376505	10	467	77	1.7693462371826172	2.567954897880554	1.1063284034175638	1.1466760175387236	0	0.29352799227552295	0.0250185069284941	0.035409709340647647	0.013516189973813894	0.013482994825233258
544	-0.04630875587463379	0.009428818644153125	-0.035800933837890625	0.00950868287020512	10	467	78	1.7230374813079834	2.5321539640426636	1.1084729042882202	1.1479577244023886	0	0.2914794768152694	0.024092178840141792	0.03448489579287442	0.013371624736206641	0.01333883733754785
545	-0.05642557144165039	0.009291880963132826	-0.04402327537536621	0.009170045234611734	10	467	79	1.666611909866333	2.4881306886672974	1.111656749400737	1.149895773177164	0	0.2891146183783507	0.023059899990375225	0.03347838077789698	0.013239385310493573	0.01320513101926956
546	0.19356465339660645	0.009526632044583039	0.20061540603637695	0.009914463656741646	10	467	80	1.8601765632629395	2.6887460947036743	1.1491240244452854	1.1901423143163044	0	0.28996303004673685	0.02521818800817562	0.03559403932547268	0.013247717867967794	0.01320745725261007
547	0.05759871006011963	0.01272852022954396	0.06985390186309814	0.01355090982623608	10	467	81	1.917775273323059	2.7585999965667725	1.1524416358458751	1.1950218819218037	0	0.28721664888719994	0.02562294453382492	0.03602228760719299	0.013087333794039068	0.013048348573414595
548	0.015888214111328125	0.014766906303748328	0.028221845626831055	0.0144200754179451	10	467	82	1.9336634874343872	2.7868218421936035	1.1526940711935225	1.1958183544923884	0	0.28437618343129634	0.02550276267675706	0.035925985854349016	0.01292531065561255	0.012886610830869432
549	0.09150385856628418	0.009377381581373356	0.10115158557891846	0.009367466869449004	10	467	83	2.0251673460006714	2.887973427772522	1.161067027326041	1.2060499977575176	0	0.28253640294329724	0.026307654090043976	0.03672141999733157	0.012792059350445528	0.012753317007800863
550	-0.023125171661376953	0.009586726546103819	-0.017763853073120117	0.009613305147524898	10	467	84	2.0020421743392944	2.870209574699402	1.1616018008904092	1.206365552233521	0	0.28153856499565955	0.025712077876171434	0.0360649709241936	0.012651025193779796	0.012615815985731815
551	0.04119157791137695	0.006931672546784284	0.05256807804107666	0.006847313341850736	10	467	85	2.0432337522506714	2.9227776527404785	1.1632985469812382	1.2091289550624538	0	0.2789666558784666	0.02589635763849531	0.03626143648510888	0.012500868784945066	0.012466271140769805
552	0.061220645904541016	0.002964945473422631	0.07364273071289062	0.0031853401784474045	10	467	86	2.1044543981552124	2.996420383453369	1.1670465144662074	1.214552206849305	0	0.2762679548860745	0.026311937500448787	0.03670121641720042	0.012359912837237669	0.01232658369919055
553	-0.0674903392791748	0.006259739375934714	-0.06142568588256836	0.005880198644376833	10	467	87	2.0369640588760376	2.934994697570801	1.1716014603622256	1.218325321735449	0	0.2757180237197535	0.025221213351848515	0.03556020592534265	0.012263946886112152	0.012235725305804098
554	-0.23317313194274902	0.04124451176284083	-0.22256803512573242	0.040947235754060785	10	467	88	1.8037909269332886	2.7124266624450684	1.2259711698222162	1.2678618519951783	0	0.27912545786278553	0.0222511634059336	0.03259321464889351	0.012480705815319678	0.012452884542785248
555	-0.032607078552246094	0.012006026292965544	-0.020224571228027344	0.012076321108679622	10	467	89	1.7711838483810425	2.692202091217041	1.2270343913939286	1.2682708852765359	0	0.27665304617038544	0.021627774292772465	0.03199301253665577	0.012353803034518435	0.012325183947612131
556	0.023730993270874023	0.014495331539308154	0.034336090087890625	0.014729599055044673	10	467	90	1.7949148416519165	2.7265381813049316	1.2275975514355508	1.2694498523590596	0	0.2743366022843969	0.02165140596668372	0.03201933925071459	0.012214230419422756	0.012185940299888662
557	-0.022451162338256836	0.008688400864627965	-0.020761966705322266	0.008945089376879878	10	467	91	1.7724636793136597	2.7057762145996094	1.2281016061258896	1.2698809116205325	0	0.2741544929143197	0.021161377429962158	0.03143288029564752	0.012087691119492096	0.012064043212452866
558	0.13359403610229492	0.022634453509454033	0.1389458179473877	0.02283120530415772	10	467	92	1.9060577154159546	2.844722032546997	1.2459489726079909	1.2891868519456011	0	0.2740027596769201	0.022396901151636145	0.03261434114896334	0.012017800823806664	0.011989090125455263
559	0.3838083744049072	0.029450603220141147	0.393496036529541	0.030170987186124876	10	467	93	2.289866089820862	3.238218069076538	1.3932578408713283	1.444025982710059	0	0.2821744663269258	0.026325286730476048	0.036536968272665275	0.012518786715944927	0.012490017627138583
560	0.025722503662109375	0.006652586089444412	0.03450179100036621	0.006822755583641538	10	467	94	2.315588593482971	3.2727198600769043	1.3939194880659755	1.445216356292292	0	0.28034367261393045	0.026318805192106512	0.036515084646081414	0.012383446201314732	0.012355005823136976
561	-0.06938552856445312	0.010224494077192503	-0.057012081146240234	0.01003757965747809	10	467	95	2.246203064918518	3.215707778930664	1.398733839640144	1.4484667336889174	0	0.2784443709468722	0.02530067398193035	0.03552011479722693	0.012293232713988241	0.012263292504969317
562	0.18319296836853027	0.030431431379895457	0.19207978248596191	0.03106477103318639	10	467	96	2.4293960332870483	3.407787561416626	1.4322935032998174	1.4853613765287719	0	0.27842669625349936	0.02696269813336824	0.03716811129921361	0.012276169841865709	0.012244924056634045
563	-0.016689777374267578	0.010500056264390878	-0.004404544830322266	0.010962882614080627	10	467	97	2.4127062559127808	3.4033830165863037	1.43257205196862	1.4853807765439342	0	0.27605340110610893	0.026507984846830368	0.03673506279786428	0.012156127520085165	0.012124437487291554
564	-0.00047838687896728516	0.008805247416503903	0.005624890327453613	0.008627952012332685	10	467	98	2.4122278690338135	3.4090079069137573	1.432572280822626	1.48541241593513	0	0.27486789984299675	0.02622977482903864	0.036414339370334274	0.012033370407360749	0.012003077903189559
565	-0.19336938858032227	0.010181815258533788	-0.1810455322265625	0.009712766545703744	10	467	99	2.218858480453491	3.227962374687195	1.4699640012625537	1.5181899006743294	0	0.275823559032186	0.023988967039147203	0.034195361088733285	0.012118914142209855	0.012085423472774727
566	-0.006670236587524414	0.003327198850968216	0.009238004684448242	0.003537398587639018	10	467	100	2.212188243865967	3.237200379371643	1.4700084933186872	1.5182752414048792	0	0.2727132844169977	0.023679278113625267	0.03394326657959909	0.011999873136743186	0.011965381581455062
567	0.3065328598022461	0.02813349432517498	0.30828094482421875	0.02824448747628594	10	467	101	2.518721103668213	3.545481324195862	1.5639708874572307	1.6133123823465922	0	0.27770439699365757	0.026507813930511475	0.03668664336204529	0.012211373021056241	0.012158662156359655
568	-0.22082042694091797	0.019403766408458978	-0.20672869682312012	0.01860504227607862	10	467	102	2.297900676727295	3.3387526273727417	1.6127325484116	1.6560491364367778	0	0.27889940749215636	0.024059019466437917	0.03427659048892484	0.012335371944503501	0.012276564374833121
569	0.08283209800720215	0.0049933179955701235	0.09696292877197266	0.005225057241204922	10	467	103	2.380732774734497	3.4357155561447144	1.6195937048718747	1.6654509459928164	0	0.276435436861453	0.02463522611879835	0.03489116243287629	0.012227422387115541	0.012171136118252044
570	0.09283232688903809	0.008273215012593482	0.10241222381591797	0.008602712042034	10	467	104	2.473565101623535	3.5381277799606323	1.628211545787508	1.675939209579738	0	0.27490516055270264	0.025297333893266695	0.03554670671814854	0.01212621708920749	0.01207020524967504
571	0.024755477905273438	0.00856699210169154	0.03800785541534424	0.008763533942456547	10	467	105	2.4983205795288086	3.5761356353759766	1.6288243794738264	1.6773838066530118	0	0.2723958703496998	0.02529212373953599	0.03557037160946773	0.012009053953964897	0.01195360559915006
572	-0.07992196083068848	0.007270616347284431	-0.06585931777954102	0.007109373873959157	10	467	106	2.41839861869812	3.5102763175964355	1.6352118992968485	1.6817212563913984	0	0.27043983467588373	0.024290084838867188	0.03460437456766764	0.011936266634632509	0.011878558322963088
573	-0.15330052375793457	0.06031596060068978	-0.1480858325958252	0.060798004713376486	10	467	107	2.2650980949401855	3.3621904850006104	1.6587129498813056	1.7036506702069971	0	0.2715320073956218	0.02261470173889736	0.03288088204725733	0.011941238307817258	0.011891522499651542
574	0.27559566497802734	0.016823754156348514	0.2862205505371094	0.017392148250678474	10	467	108	2.540693759918213	3.6484110355377197	1.7346659204359867	1.785572873756763	0	0.2735239012026843	0.02497900980655278	0.03524854250043352	0.012063077220271194	0.012015447451064648
575	0.21082019805908203	0.012224335706036982	0.2178802490234375	0.012544050060569134	10	467	109	2.751513957977295	3.8662912845611572	1.7791110763456572	1.8330446766712782	0	0.27425633620086	0.026699761549631756	0.03693957682009096	0.012074106340282784	0.012023187509979367
576	0.04863238334655762	0.01701105414082349	0.05663037300109863	0.016857194002398046	10	467	110	2.8001463413238525	3.922921657562256	1.7814761850556238	1.8362516758175218	0	0.27282766185495433	0.02690097826336502	0.03712022632633874	0.011964514010051535	0.01191374204146068
577	-0.1258983612060547	0.045614601940229704	-0.12154269218444824	0.04470681948706101	10	467	111	2.674247980117798	3.8013789653778076	1.797326582409994	1.8510243018409653	0	0.27345976381869724	0.02551189335909757	0.03567783615805886	0.011936349209446789	0.011892731459410241
578	0.015430092811584473	0.003517293706309488	0.025147199630737305	0.0035540311427553206	10	467	112	2.6896780729293823	3.826526165008545	1.797564670174168	1.8516566834902335	0	0.271717248640129	0.02542106632713799	0.03558296555871362	0.01182867444275017	0.011785484566727022
579	-0.17400336265563965	0.007295712434654433	-0.16166019439697266	0.006986245311509265	10	467	113	2.5156747102737427	3.6648659706115723	1.8278418403896382	1.8777907019427005	0	0.27179470103010506	0.02364049106836319	0.033821865916252136	0.011857042626274615	0.011811807791682751
580	0.03314399719238281	0.021456330093172937	0.03926706314086914	0.02176543036770795	10	467	114	2.5488187074661255	3.7041330337524414	1.8289403649395268	1.8793326041904095	0	0.27070729758896306	0.02372459289246956	0.0338700535023107	0.01175194553826606	0.011706911035816813
581	0.14322245121002197	0.004900740660232827	0.15647482872009277	0.005481819078283934	10	467	115	2.6920411586761475	3.860607862472534	1.849453035470134	1.9038169762133919	0	0.2692105937246709	0.02477281971981651	0.034945533986677206	0.011695471436365752	0.011653497643428988
582	-0.21695303916931152	0.01186623099098938	-0.20543956756591797	0.011286339713109328	10	467	116	2.475088119506836	3.655168294906616	1.8965216566749348	1.9460223921350632	0	0.27046840768320457	0.022670855729476264	0.032855228755785074	0.011782336425989815	0.01173931746144764
583	-0.057773470878601074	0.006008449576839325	-0.050791263580322266	0.005989167363850356	10	467	117	2.417314648628235	3.604377031326294	1.8998594306122953	1.948602144591149	0	0.26962681514325065	0.021977370155268704	0.03213413830461173	0.01170089168011061	0.011659995037339893
584	-0.007987737655639648	0.004040446643273299	0.006171703338623047	0.0036571777202425437	10	467	118	2.409326910972595	3.610548734664917	1.8999232345651507	1.948640234513249	0	0.2672298895254034	0.021721258122696836	0.031912237151056275	0.011603279829310083	0.011562036975403164
585	0.043154001235961914	0.0012578115077417351	0.05197250843048096	0.001344471433881722	10	467	119	2.452480912208557	3.662521243095398	1.901785502387824	1.9513413761458054	0	0.2657359548896175	0.021902891538910948	0.032082239450034446	0.011505960440186567	0.011464895343725419
586	0.13669908046722412	0.00718777806976334	0.1489354372024536	0.007667308822831842	10	467	120	2.5891799926757812	3.8114566802978516	1.9204721409884087	1.9735231406004914	0	0.2643910258145825	0.022867565395451393	0.033064199095012764	0.011449573249349008	0.011410474576760574
587	0.009228348731994629	0.006582979850705328	0.022372961044311523	0.006855629471999691	10	467	121	2.598408341407776	3.833829641342163	1.920557303408728	1.9740236899863817	0	0.26216391431867936	0.022753905256589255	0.03297510544459025	0.011354328136273456	0.011315338509194648
588	-0.08597731590270996	0.005631036775469056	-0.07372188568115234	0.005366502749666324	10	467	122	2.512431025505066	3.7601077556610107	1.9279494022585624	1.9794586064147666	0	0.2607388234985505	0.021855300123041325	0.03209331212950147	0.011295899115899122	0.011256026513378961
589	-0.04396533966064453	0.0059350090513135	-0.031495094299316406	0.005712116800509648	10	467	123	2.4684656858444214	3.7286126613616943	1.9298823533500382	1.9804505473796894	0	0.2588740817932914	0.021315786682191442	0.03157209568336362	0.011215910661607313	0.01117554387410193
590	-0.12112283706665039	0.030190397734941143	-0.1141502857208252	0.029836083095290178	10	467	124	2.347342848777771	3.614462375640869	1.9445530950091126	1.9934808351098354	0	0.25885971537187624	0.020157749090737444	0.03038736087519948	0.01118446373397574	0.011147448161922202
591	0.18536138534545898	0.009250625426489023	0.19947314262390137	0.009512052915908953	10	467	125	2.53270423412323	3.8139355182647705	1.9789119381863003	2.0332703697380907	0	0.25805449882107334	0.021490036479888425	0.031750955889301914	0.011173611864874625	0.011140947356747928
592	-0.02755904197692871	0.005326372461638584	-0.011709451675415039	0.005197341813811818	10	467	126	2.5051451921463013	3.8022260665893555	1.9796714389809864	2.0334074809966296	0	0.2555590388560089	0.021097643852233887	0.03140327262878418	0.01109080612252305	0.01105692815963727
593	0.08870077133178711	0.010890830329230994	0.1009373664855957	0.010983318533135389	10	467	127	2.5938459634780884	3.903163433074951	1.9875392658158404	2.043595832949677	0	0.2538090651911904	0.02163417661000812	0.03195513051653665	0.011015505978730267	0.010982697365342983
594	0.06027364730834961	0.004682987726141619	0.07787132263183594	0.004987851321516246	10	467	128	2.654119610786438	3.981034755706787	1.9911721783756917	2.0496597758381085	0	0.2510391427706378	0.02193842441078246	0.03231667533634216	0.010932659829346172	0.010901872965840971
595	0.003965139389038086	0.006879290523841064	0.018125534057617188	0.006805291703017247	10	467	129	2.658084750175476	3.9991602897644043	1.9911879007060662	2.0499883108229824	0	0.24875568765730727	0.021798008121550083	0.03220580704510212	0.010847820979693487	0.010816934947457833
596	0.014736413955688477	0.05483299470841985	0.0217282772064209	0.05571221602991727	10	467	130	2.6728211641311646	4.020888566970825	1.9914050626023396	2.0504604288533415	0	0.2476250726908894	0.021743267081504643	0.03212458588356196	0.010763540057681934	0.010733062505966335
597	-0.005595684051513672	0.004978138308160851	0.01200246810913086	0.004982023871775709	10	467	131	2.667225480079651	4.032891035079956	1.991436374282344	2.050604488094052	0	0.2448264755494441	0.021532967457404503	0.03196980036222018	0.010682492894210669	0.010651305210516075
598	0.06334972381591797	0.044710519254977044	0.07040023803710938	0.04494406552316832	10	467	132	2.730575203895569	4.103291273117065	1.995449561789897	2.055560681609734	0	0.24378308026810702	0.021852179338003843	0.03226316248187582	0.010605438554239389	0.010573755166965482
599	-0.04824209213256836	0.01937206832906213	-0.04306626319885254	0.01936653128944954	10	467	133	2.6823331117630005	4.060225009918213	1.9977768612432243	2.0574153846356467	0	0.24324906703175897	0.021321162129893448	0.03169248501459757	0.01053817510686453	0.010508851820366616
600	-0.03305685520172119	0.00603021909900292	-0.02598583698272705	0.005918540234816305	10	467	134	2.6492762565612793	4.034239172935486	1.9988696169190519	2.0580906483593395	0	0.24229488153864953	0.020912304856723414	0.031258813420632726	0.010466629204483536	0.01043855097257428
601	0.21849524974822998	0.031067935034528205	0.22637593746185303	0.031615116469154714	10	467	135	2.8677715063095093	4.260615110397339	2.0466097910815932	2.1093367134210723	0	0.2431945815007185	0.022386804445465997	0.03271491136123885	0.010492349424000215	0.010462181847806833
602	0.11752915382385254	0.012471544222819375	0.12441396713256836	0.012342137337213899	10	467	136	2.985300660133362	4.385029077529907	2.060422893080144	2.124815548638736	0	0.24258643867176172	0.023091562589009604	0.03339416362621166	0.010438157234634125	0.010406586557643665
603	0.03533220291137695	0.009098317784378196	0.04416990280151367	0.00933101071711917	10	467	137	3.0206328630447388	4.429198980331421	2.0616712576427147	2.1267665289522313	0	0.24120207503072771	0.023181567297262305	0.03347339700250065	0.010361512728895145	0.010330088001785004
604	-0.18006837368011475	0.010356660377695448	-0.17570340633392334	0.01041786580948667	10	467	138	2.840564489364624	4.253495573997498	2.094095876842516	2.157638215949575	0	0.2428348782055601	0.021697991085748602	0.03194655902194281	0.01039204654173951	0.01036745540819671
605	0.017920255661010742	0.004572250167200309	0.030283689498901367	0.004728792337516552	10	467	139	2.8584847450256348	4.283779263496399	2.094417012405472	2.158555317799241	0	0.24091238539131898	0.021670616191366444	0.03193450924279033	0.010316503338151565	0.010292061785660356
606	0.013955116271972656	0.006921944983560024	0.0227053165435791	0.006854196734309426	10	467	140	2.8724398612976074	4.306484580039978	2.0946117576756365	2.159070849198585	0	0.23955805268650193	0.02161510899770174	0.03186811217301184	0.010242165386222092	0.01021796562694656
607	0.025742173194885254	0.007588630984358247	0.03892552852630615	0.00786368320144959	10	467	141	2.8981820344924927	4.345410108566284	2.095274417156432	2.1605860459696373	0	0.23752540768722996	0.021644588027681624	0.03191852228982108	0.010168786628724398	0.010144842862811912
608	-0.19181549549102783	0.0179370107236565	-0.18125975131988525	0.017497602111646415	10	467	142	2.706366539001465	4.164150357246399	2.1320676014669004	2.193441143418184	0	0.2383587645057007	0.02013068672613049	0.03040661964010685	0.010209279705505947	0.010185472932676156
609	0.1545705795288086	0.01766118965235819	0.15982437133789062	0.01827771028240477	10	467	143	2.8609371185302734	4.3239747285842896	2.155959665522772	2.218984973091736	0	0.23847751445358284	0.021077446534600055	0.03131801225769688	0.010181243864728545	0.010154472623181367
610	0.05226564407348633	0.013313780645376028	0.06106424331665039	0.013603769992414527	10	467	144	2.9132027626037598	4.38503897190094	2.1586913630731885	2.222713814903571	0	0.23718923355806304	0.021295545818088773	0.03152602785950774	0.010112147918028216	0.010085357727429543
611	0.009042739868164062	0.010879286624884799	0.012490272521972656	0.01103106241512819	10	467	145	2.922245502471924	4.397529244422913	2.158773134217512	2.222869821811244	0	0.23667541153928684	0.021210456887880962	0.03139383511410819	0.01004203962704139	0.010015948025513853
612	-0.15075278282165527	0.007434392172456228	-0.1418468952178955	0.007329400555079246	10	467	146	2.7714927196502686	4.255682349205017	2.181499535745985	2.242990363494201	0	0.23689717618739897	0.020024503510573815	0.030199071456646097	0.010042814019184325	0.010018131649100747
613	0.058115363121032715	0.018775770201060027	0.0686330795288086	0.019417028822402926	10	467	147	2.8296080827713013	4.324315428733826	2.1848769311766745	2.2477008630998085	0	0.2353945781088576	0.020285399809275587	0.030462318087277347	0.009977202128377119	0.009952759689399798
614	0.002040863037109375	0.03703881062619985	0.009072065353393555	0.03693020737335928	10	467	148	2.8316489458084106	4.333387494087219	2.1848810962986107	2.247783165469585	0	0.23436059286550837	0.02016128731422684	0.030316806163917593	0.009909874794132509	0.009885892932903768
615	0.010029077529907227	0.022390042019935663	0.017889976501464844	0.022245915517942194	10	467	149	2.841678023338318	4.351277470588684	2.1849816786947116	2.2481032167288078	0	0.23319220230206789	0.02009282643730576	0.03023284109863075	0.009842926514773039	0.009819228159986855
616	0.16182637214660645	0.013844594298291213	0.17593765258789062	0.01416129973574698	10	467	150	3.0035043954849243	4.527215123176575	2.2111694534168436	2.279057274326945	0	0.23218132804717467	0.02104405828770375	0.031210725739498266	0.00982281012434668	0.009802005349189034
617	-7.796287536621094e-05	0.007816200191825828	0.009463310241699219	0.00790052138415831	10	467	151	3.003426432609558	4.536678433418274	2.2111694594950535	2.2791468285676757	0	0.23079526198462574	0.020903244813283286	0.03106574296951294	0.009758121020822935	0.009737518750563855
618	0.30454087257385254	0.08534804288143505	0.30985331535339355	0.08638758068565267	10	467	152	3.3079673051834106	4.8465317487716675	2.303914602563097	2.3751559056031653	0	0.23406328647626246	0.02278163969911487	0.03291201828331347	0.00987360566805043	0.009847442285299011
619	-0.03560519218444824	0.011132002253191331	-0.02246081829071045	0.011107795398928033	10	467	153	3.2723621129989624	4.824070930480957	2.3051823322735885	2.3756603939614536	0	0.2323137224203124	0.02239751580514406	0.03254772330585279	0.009815951407906958	0.009789222719464962
620	-0.05573272705078125	0.004086028584424639	-0.044257402420043945	0.003727240161708778	10	467	154	3.216629385948181	4.779813528060913	2.3082884691381054	2.3776191116304233	0	0.23095310110482192	0.021886860623079187	0.03204572902006261	0.009764945248079103	0.00973797795218518
621	-0.017119526863098145	0.017540339901998436	-0.010967612266540527	0.017604894702472507	10	467	155	3.199509859085083	4.768845915794373	2.3085815473381217	2.3777394001492524	0	0.23014676585966387	0.021633572392649465	0.03176642160911065	0.009704635231024477	0.00967856869441694
622	0.0073435306549072266	0.004735372396623916	0.019707202911376953	0.004883686863081493	10	467	156	3.2068533897399902	4.7885531187057495	2.3086354747806013	2.3781277739958426	0	0.2283774099401964	0.02154137857498661	0.031688620198157526	0.009642262160453078	0.009616238314914122
623	-0.03424835205078125	0.02630607328580936	-0.021786928176879883	0.025886128627291782	10	467	157	3.172605037689209	4.76676619052887	2.3098084243987955	2.378602444235227	0	0.22674421849133908	0.021183752096616305	0.031345828221394464	0.009586926093147045	0.009560544268125967
624	0.015381336212158203	0.004988800821251971	0.025058984756469727	0.004869059537384146	10	467	158	3.187986373901367	4.791825175285339	2.310045009902467	2.379230396952252	0	0.22536475813815138	0.021146794033657972	0.0313057846324459	0.009525738847566011	0.009499538301455555
625	-0.027314186096191406	0.004720590951819759	-0.016777753829956055	0.004438403999586171	10	467	159	3.160672187805176	4.775047421455383	2.3107910746645643	2.3795118899758307	0	0.22398530139240397	0.020840078969545	0.031001458439645888	0.00947022549454973	0.00944412771768139
626	-0.21019530296325684	0.024138837190491813	-0.20129871368408203	0.023773807223506083	10	467	160	2.950476884841919	4.573748707771301	2.3549731400523797	2.4200330621066968	0	0.22541737390465122	0.0193870262529865	0.029540451067798543	0.009521996521594796	0.00949758835810141
627	0.25060558319091797	0.027227071777019773	0.2620023488998413	0.02772248827143642	10	467	161	3.201082468032837	4.835751056671143	2.41777629837884	2.488678292935731	0	0.2264470129290519	0.02083214223384857	0.03099333792924881	0.009572012470397254	0.009549215284219375
628	-0.2170698642730713	0.011773453937337308	-0.21091747283935547	0.011727288148563275	10	467	162	2.9840126037597656	4.624833583831787	2.4648956243543694	2.533164473284671	0	0.22832761123608264	0.019354490019519877	0.02949078630956804	0.00962645831214993	0.009607934730377193
629	-0.007714748382568359	0.010958986084915523	0.0063669681549072266	0.010843829806447047	10	467	163	2.9762978553771973	4.631200551986694	2.4649551416969757	2.533205011568157	0	0.22641535570434573	0.019187395955309456	0.029348046691329392	0.009568310302329389	0.009549509149781671
630	-0.18535208702087402	0.030114747078016535	-0.17655277252197266	0.03008137023675772	10	467	164	2.7909457683563232	4.454647779464722	2.4993105378599694	2.5643758930533522	0	0.22717048143744806	0.01793255250146784	0.028084851481431833	0.009591863730046538	0.009574437481699413
631	-0.0013965368270874023	0.005241695474197172	0.013642668724060059	0.005201035318080471	10	467	165	2.789549231529236	4.468290448188782	2.499312488175079	2.5645620154632667	0	0.2251346349211506	0.017814692200683966	0.027996789391447858	0.009533925880653677	0.009516285146262073
632	0.15185546875	0.007106518032742315	0.1676464080810547	0.00777423458089288	10	467	166	2.941404700279236	4.635936856269836	2.522372571564361	2.592667333605746	0	0.22386269613366783	0.018627060543407094	0.028843150716839416	0.00951072649401199	0.009496226479554719
633	0.29892587661743164	0.01745295997966423	0.3113572597503662	0.01837807612918141	10	467	167	3.2403305768966675	4.947294116020203	2.611729251275861	2.689610676805003	0	0.2257820703464296	0.020315607628190374	0.03054504293993295	0.00960287995630059	0.009591051492865921
634	-0.06020486354827881	0.01116300029811157	-0.055039048194885254	0.011260478386091677	10	467	168	3.1801257133483887	4.892255067825317	2.615353876870728	2.692639973631202	0	0.2253966659013506	0.019833449118151637	0.030032563352299306	0.009557374398455066	0.009547211538114529
635	-0.20664119720458984	0.014414489834393862	-0.19431686401367188	0.01377561926335602	10	467	169	2.973484516143799	4.6979382038116455	2.658054461252874	2.73039901727131	0	0.22599591630526855	0.018485385747182937	0.02869715009416853	0.009595481163111468	0.009583708396358534
636	-0.23877882957458496	0.013256781144434626	-0.23352551460266113	0.013096154671927707	10	467	170	2.734705686569214	4.464412689208984	2.7150697907058827	2.7849331832417477	0	0.22819419051000372	0.016963112283740523	0.02714553669359557	0.009659241734484306	0.009652358183547803
637	0.04949164390563965	0.007818139092535148	0.06526303291320801	0.00804740802715287	10	467	171	2.7841973304748535	4.529675722122192	2.7175192135223654	2.789192446706778	0	0.2261852803036039	0.017154456587398753	0.02736975725959329	0.009604160831745664	0.009598030997573578
638	0.09226584434509277	0.0066512304298953495	0.10810565948486328	0.006826172285514076	10	467	172	2.8764631748199463	4.637781381607056	2.7260321995550783	2.8008792803194353	0	0.22438344216306005	0.017593704469022694	0.027841897038688435	0.009557929413947584	0.009553411033821839
639	-0.03417026996612549	0.006244267686227545	-0.020917892456054688	0.006148872841890807	10	467	173	2.842292904853821	4.616863489151001	2.727199806904636	2.8013168385442384	0	0.22277549442066058	0.01729275112928346	0.027558409890463185	0.009506962270359031	0.009501935353190152
640	0.06577181816101074	0.009520045285796641	0.08171868324279785	0.00984845968235959	10	467	174	2.9080647230148315	4.698582172393799	2.731525738968841	2.807994781735175	0	0.22083528561144306	0.017572976950276105	0.027871475054349514	0.009456002097843592	0.009452037214384274
641	0.004912614822387695	0.0114887659350984	0.0155181884765625	0.011229593351345102	10	467	175	2.9129773378372192	4.714100360870361	2.7315498727532344	2.8082355959087693	0	0.2194811651108125	0.017500216248391688	0.027800479154477174	0.009401781743841054	0.009397826333131284
642	-0.29397451877593994	0.029316563867908485	-0.28781235218048096	0.02907999693452723	10	467	176	2.6190028190612793	4.42628800868988	2.81797089044278	2.8910715459764305	0	0.22280768197842665	0.015720360619681222	0.025996977261134556	0.009515838091822203	0.009516427757799276
643	-0.03597676753997803	0.00911924203025194	-0.02271449565887451	0.008952759299987179	10	467	177	2.5830260515213013	4.403573513031006	2.8192652182454054	2.8915874942894675	0	0.22123352485934505	0.015426626936955885	0.025720207528634506	0.00946617469972974	0.009466249553199616
644	-0.05490279197692871	0.0035514149224695757	-0.046103715896606445	0.0033940282572189062	10	467	178	2.5281232595443726	4.357469797134399	2.8222795348122673	2.8937130469089425	0	0.22033047798400845	0.015029285587159926	0.0253144226505258	0.009420924507890619	0.009421358763309346
645	-0.011094093322753906	0.013578222208707302	0.00302731990814209	0.013411628300232792	10	467	179	2.5170291662216187	4.3604971170425415	2.8224026137189213	2.8937222115747687	0	0.21858268144338872	0.014882525031486253	0.025189214208152857	0.009368997989508196	0.009369116940656166
646	0.026933908462524414	0.006528410565294962	0.037412405014038086	0.006524271374530599	10	467	180	2.543963074684143	4.39790952205658	2.823128049143989	2.895121899623703	0	0.2172778937796167	0.014949851195905462	0.02525750019030864	0.009316753457365276	0.009316878724359136
647	-0.029014110565185547	0.023547477289525887	-0.01661205291748047	0.02346352249321626	10	467	181	2.5149489641189575	4.381297469139099	2.8239698677558778	2.8953978599258363	0	0.21580943078441617	0.0147056069638994	0.025024891561932033	0.00926806801498344	0.009267893207371942
648	0.10078167915344238	0.00799420177617094	0.11309599876403809	0.008097665483035144	10	467	182	2.6157306432724	4.494393467903137	2.834126814608865	2.9081885648622716	0	0.21459589716127342	0.015181165373786379	0.0255114722647061	0.009228981605452428	0.0092293825378182
649	0.09455084800720215	0.012676613469977838	0.10515642166137695	0.013102036041686915	10	467	183	2.710281491279602	4.599549889564514	2.843066677467746	2.919246437878897	0	0.213546909863838	0.01561726253111284	0.02594908187677572	0.009188487528822849	0.009188957706949025
650	0.051796674728393555	0.015892225612844868	0.06493127346038818	0.016077493971252466	10	467	184	2.7620781660079956	4.664481163024902	2.845749572980665	2.9234625081520846	0	0.21199097125401284	0.01581496423710891	0.02616209931712333	0.009140277640048022	0.009141089215278618
651	-0.2249612808227539	0.010793352074642826	-0.21258783340454102	0.01022753809979804	10	467	185	2.5371168851852417	4.451893329620361	2.896357150850079	2.9686560950637215	0	0.21283178553950588	0.014506397687870523	0.024864545334940372	0.009184167216128221	0.009183403661643729
652	0.02615177631378174	0.006747861702493196	0.042031168937683105	0.006927689094666789	10	467	186	2.5632686614990234	4.493924498558044	2.8970410662544452	2.9704227142259896	0	0.2109145130500712	0.014569345680443017	0.024957337894955196	0.00913460506025167	0.009134100097591958
653	-0.03485369682312012	0.009058491361486176	-0.02255868911743164	0.008982552901898089	10	467	187	2.5284149646759033	4.471365809440613	2.898255846436683	2.9709316086806865	0	0.2095248255753983	0.014303630398165795	0.024701875384135912	0.009089246341746328	0.009088450347771051
654	0.086181640625	0.012273769666535372	0.10035133361816406	0.012602201685012915	10	467	188	2.6145966053009033	4.571717143058777	2.9056831216175	2.9810019988396306	0	0.20804336105636745	0.01468800478440555	0.025106417941537132	0.009048677597815124	0.00904876581067117
655	0.02324223518371582	0.017368206012690734	0.03196287155151367	0.017305498612586234	10	467	189	2.637838840484619	4.6036800146102905	2.906223323113835	2.982023623997449	0	0.20700022158671183	0.014733506009933795	0.02514288843946254	0.009000532653870765	0.009000579272079697
656	-0.10402345657348633	0.009959738904740334	-0.09165048599243164	0.009705556773496937	10	467	190	2.533815383911133	4.512029528617859	2.917044202631331	2.990423435580098	0	0.20608863033146207	0.014105162292561204	0.024524934077389027	0.008974806937340223	0.008974131803598812
657	-0.04590773582458496	0.006370960278957227	-0.03349566459655762	0.006399203167632095	10	467	191	2.487907648086548	4.478533864021301	2.919151722839871	2.991545395126863	0	0.20475684262221427	0.013789304934049907	0.024219562505420886	0.008933031993447443	0.008931996201579544
658	0.09714818000793457	0.02095550017889991	0.10428690910339355	0.02113615368665478	10	467	192	2.5850558280944824	4.582820773124695	2.928589491718725	3.0024211545372026	0	0.20418171660006268	0.014225738834960299	0.02463876327294954	0.008896850166675295	0.008894992239168214
659	-0.045517921447753906	0.0270169643523559	-0.04015660285949707	0.026948943580180185	10	467	193	2.5395379066467285	4.542664170265198	2.930661372891649	3.004033707290418	0	0.20370407340077468	0.013914573937654495	0.02430128740767638	0.008855859429957437	0.008854976058066625
660	-0.18280267715454102	0.013961627333401339	-0.17147433757781982	0.013614551999992841	10	467	194	2.3567352294921875	4.371189832687378	2.964078191666516	3.03343715573817	0	0.2039227901446526	0.01289531356930115	0.02328690593106759	0.008868620565043178	0.008867188149636386
661	-0.10014617443084717	0.02397230644261583	-0.09306657314300537	0.023803172093906255	10	467	195	2.2565890550613403	4.278123259544373	2.97410744791965	3.0420985427747524	0	0.2036178061720434	0.01231262548682616	0.022687145729654842	0.008842008048337147	0.00884172777722949
662	-0.15169930458068848	0.008805439240347823	-0.14112305641174316	0.008695580666255864	10	467	196	2.104889750480652	4.137000203132629	2.9971201269299144	3.0620142598257445	0	0.20345022853033878	0.01147153866596711	0.021847093410981008	0.00883666655851025	0.008836290585827609
663	-0.029775500297546387	0.01297332045773203	-0.02018558979034424	0.012888996419818	10	467	197	2.0751142501831055	4.116814613342285	2.9980067073478835	3.0624217178609285	0	0.20240525912352197	0.011261094589622654	0.021632640945668122	0.008793984293856777	0.008793707191146617
664	0.14062488079071045	0.010260580856098045	0.14842772483825684	0.010403052808271696	10	467	198	2.215739130973816	4.265242338180542	3.017782064445285	3.08445250736159	0	0.20214799965796315	0.011917763555110409	0.022276270813143192	0.00877383926896489	0.008772598057295656
665	-0.019052505493164062	0.010346519722133962	-0.011132478713989258	0.010458219132317481	10	467	199	2.196686625480652	4.254109859466553	3.018145062410852	3.0845764394439072	0	0.2012745279122941	0.011761348054866599	0.022107539754925354	0.008730815711477649	0.008729810335547025
666	0.12668955326080322	0.007460515402229362	0.13634812831878662	0.00761034050107412	10	467	200	2.323376178741455	4.390457987785339	3.034195305316274	3.1031672515399435	0	0.20067972526570488	0.012338876724243164	0.02268161306429149	0.008706008293825656	0.008704781625442505
667	0.027968883514404297	0.004909359303610472	0.042949676513671875	0.0049132606312696225	10	467	201	2.3513450622558594	4.433407664299011	3.0349775637613163	3.1050119262525726	0	0.19898071530616884	0.01241702675819397	0.022782953381538393	0.008662721398951141	0.008661741209195455
668	0.007802605628967285	0.003946250805725526	0.0209275484085083	0.0037612993903763936	10	467	202	2.3591476678848267	4.4543352127075195	3.0350384444159175	3.105449888534963	0	0.1974881555789047	0.01239406943914309	0.022773722511025805	0.008619546108916559	0.008618545178927161
669	0.08442378044128418	0.00662076992995253	0.09495091438293457	0.006832303133990081	10	467	203	2.443571448326111	4.549286127090454	3.0421658191199157	3.1144655646771184	0	0.19649929951582712	0.012750652166876462	0.023131035342074856	0.008584178278132733	0.00858321353798487
670	0.10994136333465576	0.01644047173267893	0.12484383583068848	0.016952840565238603	10	467	204	2.5535128116607666	4.674129962921143	3.0542529224917985	3.1300515480220383	0	0.19520849631943332	0.01322942414307242	0.02363208362034389	0.008555194212775853	0.008555511433648163
671	-0.0012694597244262695	0.012444137545529088	0.012118935585021973	0.012489869209346693	10	467	205	2.5522433519363403	4.6862488985061646	3.0542545340197904	3.1301984166217522	0	0.1937137255543458	0.013158351182937622	0.023575646620170743	0.008513450366831423	0.008513656416391163
672	-0.056826114654541016	0.007014830611183243	-0.04450225830078125	0.006878917572521459	10	467	206	2.4954172372817993	4.641746640205383	3.0574837413265215	3.1321788676156217	0	0.19252497723100614	0.012816963544706019	0.02324355927909293	0.008478695186272036	0.008478530694853399
673	0.04602527618408203	0.012931257759305481	0.05219697952270508	0.013383870586721969	10	467	207	2.5414425134658813	4.693943619728088	3.0596020673743425	3.1349033922869154	0	0.19187429704865322	0.012978168945868038	0.023384109862799783	0.008438975936340128	0.008438442978533514
674	-0.13980436325073242	0.01735008949708572	-0.12564373016357422	0.017036994662362304	10	467	208	2.401638150215149	4.568299889564514	3.0791473273582852	3.1506897392163324	0	0.19119774173551168	0.012240089080183978	0.022664168606633724	0.00843048020017253	0.008428383112156629
675	-0.017431974411010742	0.006037224878639336	-0.0032618045806884766	0.005791954164863	10	467	209	2.384206175804138	4.565038084983826	3.0794512010901514	3.150700378585455	0	0.18966681671013608	0.012097434928784003	0.022539524504771598	0.008391063842934697	0.008388690230811905
676	0.00915980339050293	0.014640656450012557	0.02141594886779785	0.01508167081414058	10	467	210	2.393365979194641	4.5864540338516235	3.079535103088304	3.151159021451363	0	0.18832246965253668	0.012083379275490793	0.022534148544786078	0.008350830529272917	0.008348458203506747
677	0.0036427974700927734	0.014829756760661894	0.020341873168945312	0.014641402120219027	10	467	211	2.397008776664734	4.606795907020569	3.079548373061712	3.1515728132553846	0	0.18650294096642334	0.012043186028798421	0.022523709138234458	0.008311066725512418	0.0083086150918072
678	0.0529780387878418	0.006152155408926774	0.0651853084564209	0.00616930977417951	10	467	212	2.4499868154525757	4.67198121547699	3.082355045655518	3.1558219376939434	0	0.18524619455200808	0.012237190070310475	0.02272589681272823	0.008273858799647144	0.008271615474865672
679	0.18363285064697266	0.00652177188362657	0.19784164428710938	0.007013838022203345	10	467	213	2.6336196660995483	4.869822859764099	3.1160760694922516	3.1949632539081705	0	0.18488434753436817	0.013045660167370202	0.02355191448949418	0.008274330488792885	0.008273841890498665
680	0.08223676681518555	0.038102347958101745	0.0892488956451416	0.038732089010238724	10	467	214	2.715856432914734	4.959071755409241	3.122838955308467	3.202928619282048	0	0.18430553312026993	0.013370501043651025	0.02386035102074135	0.008241796348785316	0.008240680133598823
681	0.01787114143371582	0.029407709035524476	0.028427600860595703	0.03033394834756109	10	467	215	2.7337275743484497	4.987499356269836	3.1231583330046107	3.203736747772737	0	0.18317450650538758	0.013391532073511141	0.023881693309712633	0.00820321983420382	0.008202109654877388
682	-0.02151346206665039	0.0026383701664371983	-0.005596160888671875	0.0024206171076457395	10	467	216	2.7122141122817993	4.9819031953811646	3.123621162054704	3.203768064789429	0	0.181518656426156	0.013229183263556902	0.023744587011115495	0.008166590053622101	0.008165022392451251
683	0.021367549896240234	0.007968355459070153	0.03371095657348633	0.007944609070250408	10	467	217	2.7335816621780396	5.015614151954651	3.124077734243272	3.2049044933825286	0	0.1802123200128241	0.013266860886856361	0.023790727610941285	0.008128781159647484	0.008127264430174894
684	-0.013944149017333984	0.02419102693579589	-0.003339529037475586	0.024281810300919915	10	467	218	2.7196375131607056	5.012274622917175	3.12427217353509	3.2049156458367207	0	0.1791202100626641	0.013141464527850876	0.023665703386755034	0.008092206251308492	0.008090690949758231
685	0.06322252750396729	0.017319215988621295	0.0710744857788086	0.01710131328096054	10	467	219	2.782860040664673	5.083349108695984	3.1282692615190797	3.209967228365443	0	0.1783847792656717	0.01337119417453031	0.023883174865617664	0.00805827580183663	0.008056427870650812
686	-0.053105711936950684	0.022430759699787473	-0.0452343225479126	0.022196527394683585	10	467	220	2.729754328727722	5.038114786148071	3.13108947815941	3.2120133723018114	0	0.17773613702419377	0.013067646658039528	0.02356756985459698	0.008027137030560945	0.00802576397766847
687	0.13332974910736084	0.013061547491489023	0.14287126064300537	0.013307328181227263	10	467	221	2.863084077835083	5.180986046791077	3.148866300156442	3.232425569419533	0	0.17729400556011976	0.013614292578263716	0.024109859358180653	0.008009243321845338	0.008007583507343026
688	-0.0458986759185791	0.02873273122787623	-0.03168988227844238	0.029191468365695528	10	467	222	2.817185401916504	5.149296164512634	3.1509729886075206	3.2334298180583545	0	0.17594400596222337	0.013345003128051758	0.0238573718394629	0.007977466433862995	0.007975265479528435
689	0.032089948654174805	0.011394251501940289	0.03915977478027344	0.01144908701633085	10	467	223	2.8492753505706787	5.188455939292908	3.152002753412148	3.2349633060191962	0	0.17522065371590495	0.01342943981961087	0.023926301582439524	0.007941899469830383	0.00793955880552894
690	-0.15450143814086914	0.014859581162340874	-0.14301705360412598	0.014664887577339414	10	467	224	2.6947739124298096	5.045438885688782	3.175873447799745	3.2554171836408017	0	0.17511464930478693	0.0126763865552141	0.023177676671289008	0.007941987937364803	0.007939249502627812
691	-0.2253708839416504	0.013938775685460314	-0.21832036972045898	0.013809821100153385	10	467	225	2.469403028488159	4.827118515968323	3.226665483128386	3.3030809674756796	0	0.17657348298297898	0.01161367552621024	0.02209956039275442	0.007977553255622691	0.007976918859690119
692	-0.20219731330871582	0.009836210641140042	-0.19342780113220215	0.00923888090727587	10	467	226	2.2672057151794434	4.633690714836121	3.267549236637649	3.3404952817265183	0	0.1773965807643409	0.010663404464721679	0.021141661008199055	0.007998666769834455	0.007998949603024809
693	-0.03397572040557861	0.013970060141346607	-0.02613377571105957	0.014092086495509193	10	467	227	2.2332299947738647	4.607556939125061	3.268703586214727	3.3411782559594343	0	0.17667318024873868	0.010465886213083184	0.020932477659883753	0.007965645023059393	0.007966224291503376
694	0.07098627090454102	0.002612544481394252	0.08339822292327881	0.0029040342198669578	10	467	228	2.3042162656784058	4.69095516204834	3.27374263687166	3.348133519546195	0	0.17555114911031805	0.010732495837274626	0.021207657154436153	0.007934956664447412	0.00793582559328559
695	0.1552731990814209	0.042872083525310245	0.1659085750579834	0.04347363273330984	10	467	229	2.4594894647598267	4.856863737106323	3.2978524032246384	3.3756591748239657	0	0.17524689936660431	0.01136644629009983	0.021842310303135923	0.007925472775354566	0.007926391345737884
696	-0.15955078601837158	0.010865566727957798	-0.14814484119415283	0.010659570117937278	10	467	230	2.299938678741455	4.70871889591217	3.3233088565437185	3.3976060687964065	0	0.17516283626750467	0.01062008283023751	0.02110000833153204	0.007926007250657285	0.007926536357226625
697	-0.06775379180908203	0.005801003088095058	-0.06061506271362305	0.005715758214023481	10	467	231	2.232184886932373	4.648103833198547	3.327899432848227	3.401280254624183	0	0.1746784726208102	0.010279326853544817	0.02074472541394441	0.007898824651131304	0.007899990945170129
698	0.2909276485443115	0.01623981344329195	0.29965806007385254	0.01674541327309953	10	467	232	2.5231125354766846	4.9477618932724	3.4125383295357494	3.4910752075914075	0	0.1766235307678677	0.011494254653071944	0.021952142447104184	0.007957844863952254	0.007957849442158146
699	0.007158756256103516	0.003837454081804026	0.017735004425048828	0.0037592803810184705	10	467	233	2.530271291732788	4.965496897697449	3.4125895773268837	3.491389737973364	0	0.17557006372675404	0.011475567159981563	0.021933965128043603	0.007923491600631513	0.007923494972231916
700	-0.1937699317932129	0.01915747141083557	-0.1848735809326172	0.018651938083166897	10	467	234	2.336501359939575	4.7806233167648315	3.45013636379403	3.525567978900213	0	0.1761879165771041	0.010594685190225364	0.021046379093448492	0.007938436452673548	0.007939186495377542
701	0.062489986419677734	0.010703978782999002	0.07039046287536621	0.01072286799575295	10	467	235	2.398991346359253	4.851013779640198	3.4540413621967616	3.5305227961640213	0	0.17549553435022985	0.01081645998180422	0.02125725124636267	0.007907549264923151	0.00790799756535755
702	0.24059605598449707	0.011741975504662605	0.2537500858306885	0.012610255752804278	10	467	236	2.63958740234375	5.104763865470886	3.511927824352057	3.594911902223103	0	0.17606293912109738	0.011794245496709295	0.0222465824573598	0.007934307489248402	0.007936181502519664
703	0.09340786933898926	0.0043807393691963625	0.10314416885375977	0.004693309586741634	10	467	237	2.7329952716827393	5.207908034324646	3.5206528544065065	3.605550621791636	0	0.1753361285636047	0.012140065936718956	0.022589368840395394	0.007908180898052111	0.007909913103461062
704	0.14555644989013672	0.026056488698486646	0.15709948539733887	0.026738796908773566	10	467	238	2.878551721572876	5.365007519721985	3.5418395345111264	3.6302308701037447	0	0.17482731118792932	0.012703004265636331	0.023156922074812878	0.007894837975577548	0.007896888800985389
705	-0.03182649612426758	0.007823296838978422	-0.022158384323120117	0.008056280174798758	10	467	239	2.8467252254486084	5.342849135398865	3.5428524603666744	3.6307218640995558	0	0.1739558163246922	0.012515905524502281	0.022966521627762738	0.007863822478423273	0.007865943318259962
706	-0.07651412487030029	0.007463052366361467	-0.06603562831878662	0.007113289198926509	10	467	240	2.770211100578308	5.276813507080078	3.5487068716713424	3.6350825683070127	0	0.1732121424318705	0.01214339493707633	0.02259412769493199	0.00783970541840515	0.007841809440362111
707	0.05395519733428955	0.0076422160436351305	0.06451213359832764	0.007628271674107623	10	467	241	2.8241662979125977	5.341325640678406	3.5516180349907245	3.639244383688421	0	0.1722528592772155	0.012317610780398051	0.022768786052862804	0.007808915248955769	0.007811019846779899
708	0.08240163326263428	0.020303718391360803	0.0886225700378418	0.020184776106020763	10	467	242	2.906567931175232	5.429948210716248	3.558408064155074	3.6470983436085334	0	0.17181123096688217	0.01260841585293845	0.02304203826856811	0.0077818811258667615	0.007783339508917451
709	-0.23069345951080322	0.011136179673158608	-0.22365248203277588	0.011129216072291115	10	467	243	2.6758744716644287	5.206295728683472	3.6116275364161368	3.6971187763279545	0	0.17317299370657596	0.011603036202675054	0.022022639424347682	0.007814600786658125	0.007817856718274794
710	-0.02808666229248047	0.0018462241017971337	-0.01669001579284668	0.001796123703286412	10	467	244	2.6477878093719482	5.189605712890625	3.6124163970148686	3.69739733295512	0	0.1721350520739512	0.011439704110102398	0.021863328086005315	0.00778408926355965	0.00778724776095066
711	0.006884336471557617	0.025119786223569918	0.012167215347290039	0.025084260967730643	10	467	245	2.654672145843506	5.201772928237915	3.6124637911035222	3.6975453740844273	0	0.17163174069487536	0.011421034570600166	0.02182358991904337	0.007752144097137095	0.007755368951183456
712	0.020107507705688477	0.0013187932741516306	0.03240251541137695	0.0014885808783446919	10	467	246	2.6747796535491943	5.234175443649292	3.6128681029696565	3.698595297089412	0	0.170466688636512	0.011456489562988281	0.02186676920676718	0.007720519263971985	0.0077237702144372505
713	-0.14285194873809814	0.026801915659021347	-0.13932669162750244	0.026777024730861854	10	467	247	2.531927704811096	5.0948487520217896	3.6332747822279288	3.718007224089277	0	0.17096646181834335	0.010829219488593621	0.021211511235896166	0.0077146147298227915	0.007720166844807184
714	-0.03153252601623535	0.010115580706667515	-0.023593664169311523	0.009890469556069093	10	467	248	2.500395178794861	5.071255087852478	3.6342690824248933	3.7185638850782112	0	0.170278606272821	0.010657714446063948	0.02103011376462002	0.007685231896600048	0.007690987073021897
715	0.03368043899536133	0.008783152016462736	0.04774308204650879	0.008881781745515127	10	467	249	2.534075617790222	5.118998169898987	3.6354034543958136	3.720843286961511	0	0.1689758102355743	0.010750548012794988	0.02113782734640183	0.007654743271897422	0.007660669546722335
716	-0.006913900375366211	0.027646200097308338	0.0019434690475463867	0.027719733527831636	10	467	250	2.527161717414856	5.120941638946533	3.635451256414214	3.7208470640334497	0	0.16815585584430776	0.010679606453003174	0.021060741570101207	0.007624269403278989	0.007630231173977867
717	-0.04152321815490723	0.013387462670891637	-0.029140591621398926	0.013004258550509462	10	467	251	2.4856384992599487	5.091801047325134	3.637175434060154	3.721696238113495	0	0.16708697388997557	0.010470795154571532	0.020859936237335206	0.007596581482526113	0.007602301436266795
718	0.023993968963623047	0.014084238444070252	0.03457999229431152	0.014698060166267624	10	467	252	2.5096324682235718	5.126381039619446	3.6377511446067814	3.7228920139805695	0	0.1661080484302661	0.010524672341061778	0.020914597815251446	0.007566447506625742	0.007572150103520428
719	0.11123967170715332	0.004945245357760086	0.12174773216247559	0.005315924616468237	10	467	253	2.620872139930725	5.248128771781921	3.6501254091682966	3.7377145242672754	0	0.16547321348127436	0.010924335036958967	0.021314729300756303	0.007546951974823762	0.007552648754701042
720	-0.007470607757568359	0.00627990175019022	0.006572246551513672	0.006451971693309133	10	467	254	2.6134015321731567	5.254701018333435	3.650181219148564	3.7377577186920092	0	0.1641874376758955	0.010851627753186132	0.021256458617952972	0.0075174145537653106	0.0075229628342306865
721	0.15924811363220215	0.017615345919182346	0.16808629035949707	0.017878602003349897	10	467	255	2.772649645805359	5.422787308692932	3.675541180843979	3.7660107196988264	0	0.1640998086631556	0.011435865886568084	0.02183452882165984	0.007510518168465331	0.007515550896782236
722	-0.1021878719329834	0.01065087726880165	-0.09249997138977051	0.010268488478629934	10	467	256	2.6704617738723755	5.330287337303162	3.6859835420141707	3.7745669644059348	0	0.16364259429708283	0.010990282601001216	0.021386158232595407	0.007494265331128267	0.0074994355509395896
723	-0.08695268630981445	0.007878004444364706	-0.0772848129272461	0.00763110699540448	10	467	257	2.583509087562561	5.2530025243759155	3.6935443116706637	3.780539906715134	0	0.16307923135269103	0.010607692878693342	0.021000724751502275	0.007474731192394138	0.007480020425769527
724	-0.07288050651550293	0.008143838273610982	-0.0633392333984375	0.007931837281944354	10	467	258	2.510628581047058	5.189663290977478	3.69885587990062	3.784551765202636	0	0.16244335908147806	0.010282836071712034	0.020672553708117297	0.007452673335804948	0.007458082042490406
725	-0.04196310043334961	0.01845499736941747	-0.03144550323486328	0.018334184812943022	10	467	259	2.4686654806137085	5.158217787742615	3.7006167816985993	3.7855405848763297	0	0.16158007061260493	0.010080332441847454	0.020470545735470084	0.007426492226905895	0.007431864437808388
726	-0.09483444690704346	0.014994570372337535	-0.08781325817108154	0.014910971181180344	10	467	260	2.373831033706665	5.070404529571533	3.709610354018764	3.7932517531869507	0	0.16131842795703	0.009675256073705018	0.020052461550502703	0.007408844944712362	0.007414910436027303
727	0.04409217834472656	0.010015162247782428	0.056543588638305664	0.009968488821812116	10	467	261	2.4179232120513916	5.126948118209839	3.7115544742099473	3.7964489306030487	0	0.160239731704969	0.009807628851670485	0.020192812039301945	0.007381481398281533	0.007387669798984374
728	-0.06527364253997803	0.010467224089225624	-0.056455016136169434	0.010334933624179143	10	467	262	2.3526495695114136	5.070493102073669	3.715815122620384	3.799636099449984	0	0.15963742072519105	0.009519961145189073	0.01989914219954918	0.007358770349067861	0.007365167165650964
729	-0.0012593269348144531	0.0063764879006384945	0.00846719741821289	0.0063929328941867425	10	467	263	2.351390242576599	5.078960299491882	3.715816708524713	3.799707792882103	0	0.15877239210845034	0.00947881882427303	0.01985550882252118	0.007330745085178269	0.007337131730652524
730	-0.03348672389984131	0.007789600675451425	-0.02114260196685791	0.0077247051944624445	10	467	264	2.317903518676758	5.057817697525024	3.716938069202257	3.800154802500032	0	0.15773234439274234	0.009315451741671834	0.019699622469709854	0.007304645401947857	0.007310842793026284
731	0.02153325080871582	0.017672962726862806	0.03467726707458496	0.01818495296237188	10	467	265	2.3394367694854736	5.092494964599609	3.717401750092648	3.801357315351794	0	0.1565752216525922	0.009361731283592455	0.019756355972001045	0.007277070849585968	0.007283318525516999
732	0.005331873893737793	0.003967924188046368	0.016669154167175293	0.003945999112218601	10	467	266	2.3447686433792114	5.109164118766785	3.717430178971867	3.801635176052443	0	0.1555764937447901	0.009346524274574136	0.01974470615386963	0.007249574145332834	0.007255791603445797
733	0.06067371368408203	0.0034164713598556773	0.07381796836853027	0.00344609897575765	10	467	267	2.4054423570632935	5.182982087135315	3.721111478504085	3.8070842685065003	0	0.15451466528479477	0.009539483633256495	0.019947989094526247	0.007224845898859368	0.007231320578709358
734	-0.02096700668334961	0.00411367753849845	-0.013183832168579102	0.004043961752188352	10	467	268	2.384475350379944	5.169798254966736	3.7215510938733445	3.8072580819371495	0	0.15386685809050787	0.009425227115216773	0.01982389987631237	0.007198642481486352	0.007205254686112413
735	-0.13273406028747559	0.02051019746846805	-0.1196281909942627	0.01991427069793872	10	467	269	2.2517412900924683	5.050170063972473	3.7391694246337437	3.8215689860177093	0	0.15337252954832464	0.00889478201296792	0.01930355625366097	0.0071913215600438755	0.007197153744154192
736	-0.028457164764404297	0.005332286140742326	-0.016152381896972656	0.004982116359428801	10	467	270	2.223284125328064	5.0340176820755005	3.739979234860172	3.821829885458655	0	0.15234974048398248	0.008755927192234196	0.01917174979213445	0.007165883582187258	0.007171559950249166
737	0.03953111171722412	0.0035478078028887694	0.05100584030151367	0.0035304642134406095	10	467	271	2.262815237045288	5.085023522377014	3.741541943653772	3.8244314812035185	0	0.15139186219261724	0.008869909357141565	0.019289653831058077	0.007140203772319185	0.0071459219906418025
738	0.1147458553314209	0.006652493170179241	0.12349605560302734	0.006835779032030587	10	467	272	2.377561092376709	5.2085195779800415	3.754708554969511	3.8396827569530245	0	0.15099707056085684	0.00926059550464813	0.019674179298851322	0.007124527415233252	0.007129881019978736
739	0.0274507999420166	0.008231122976383176	0.04338860511779785	0.008346561159157773	10	467	273	2.4050118923187256	5.251908183097839	3.755462101386968	3.8415653280070927	0	0.14964933413650264	0.009327471256256104	0.019761364687891567	0.007098600997215103	0.007104154868182568
740	-0.10032260417938232	0.009907993334095977	-0.08884787559509277	0.009146058059002371	10	467	274	2.3046892881393433	5.163060307502747	3.765526726296301	3.849459273004854	0	0.1490575478212477	0.008925822628286732	0.01936352864289895	0.0070839465858839185	0.00708925620400333
741	0.09680676460266113	0.013168540356957692	0.10577106475830078	0.013815265415587419	10	467	275	2.4014960527420044	5.268831372261047	3.774898275969136	3.8606467911449585	0	0.14854168917038924	0.009246555993156711	0.019678884614123045	0.00706532907712172	0.007070371946241035
742	0.10798835754394531	0.008115871712902845	0.11860346794128418	0.008138315421945208	10	467	276	2.5094844102859497	5.3874348402023315	3.786559761334175	3.8747135737526577	0	0.1479587166208178	0.009605617089705034	0.020038610371676358	0.007048741268884278	0.0070537931131257284
743	0.03143596649169922	0.004748813145852182	0.0419924259185791	0.004742290050955944	10	467	277	2.540920376777649	5.429427266120911	3.787547981323442	3.876476937587185	0	0.14708580698137924	0.00968471255855284	0.020118153181628906	0.007023601293025446	0.007028639529556728
744	0.060654401779174805	0.006047205486936491	0.07302737236022949	0.006227583273300752	10	467	278	2.6015747785568237	5.50245463848114	3.7912269377786316	3.8818099347010246	0	0.14613611320986233	0.009868718656822232	0.020309161193103997	0.00700061804712901	0.0070058237339013
745	-0.24317383766174316	0.015403131304026374	-0.23260784149169922	0.015012271063596927	10	467	279	2.3584009408950806	5.269846796989441	3.8503604531017714	3.935916342624452	0	0.14728747051790786	0.00895849363409358	0.019399387802151467	0.007034527873004632	0.00703961284593426
746	0.09744143486022949	0.009863699760614963	0.10799741744995117	0.010421900141409424	10	467	280	2.45584237575531	5.377844214439392	3.859855286329392	3.947579784800311	0	0.1466564073169674	0.009275636792610197	0.01971694346397154	0.007016440264824732	0.007021520448405681
747	-0.022841930389404297	0.0030748978692827222	-0.010537266731262207	0.0030082461180569453	10	467	281	2.4330004453659058	5.36730694770813	3.860377040113306	3.947690818790477	0	0.14566855812600907	0.009160931195531572	0.019608892713274276	0.006992277555044889	0.006997232954475327
748	0.1887592077255249	0.013680235019691622	0.19923770427703857	0.014103863391838445	10	467	282	2.6217596530914307	5.5665446519851685	3.896007078614474	3.9873864815960616	0	0.14581375325054913	0.009800070969659663	0.020248141153002972	0.006996603438890638	0.007001530461537414
749	-0.04309558868408203	0.010645009702898278	-0.03798818588256836	0.010675103759467675	10	467	283	2.5786640644073486	5.5285564661026	3.8978643083785016	3.98882958386271	0	0.14548888989206804	0.009612497708476182	0.020041629355004493	0.006974271492012133	0.0069797139066526395
750	0.012031078338623047	0.005751234960257534	0.02253866195678711	0.00614553943808005	10	467	284	2.5906951427459717	5.551095128059387	3.8980090552244917	3.9893375751455125	0	0.14462747693501887	0.00962104392978412	0.020050452791759907	0.0069495889826786525	0.0069550124741398125
751	-0.08036136627197266	0.009991496699967684	-0.0680074691772461	0.01006789876566927	10	467	285	2.510333776473999	5.483087658882141	3.90446700441359	3.9939625910094065	0	0.14386551970616107	0.009304204457242725	0.01974038968623524	0.006932319673891315	0.006937412223554831
752	0.15424752235412598	0.011410014330238027	0.16136646270751953	0.01155619137193753	10	467	286	2.664581298828125	5.644454121589661	3.9282593025659764	4.020001726296144	0	0.14392120641227532	0.009812777502494947	0.020237323275783606	0.006926648547797404	0.006930865255364795
753	0.08706045150756836	0.006190996948021166	0.09404253959655762	0.006221159701397028	10	467	287	2.7516417503356934	5.738496661186218	3.935838824782678	4.028845725549914	0	0.1435298320561351	0.010082874264750448	0.020495383472709388	0.006907669553377528	0.006911408389270171
754	-0.05511665344238281	0.0062793937531751	-0.03745079040527344	0.005855441187577526	10	467	288	2.6965250968933105	5.701045870780945	3.938876670269366	4.030248287251894	0	0.1422213585206118	0.00985569821002176	0.020293480427838368	0.006887306632150911	0.00689024351811652
755	0.0745699405670166	0.006352936786299779	0.08420908451080322	0.00659602344985899	10	467	289	2.771095037460327	5.785254955291748	3.944437346305534	4.037339457166041	0	0.14157364732238653	0.010080400440427992	0.020515409608681996	0.0068670280374024785	0.006869862999755006
756	-0.011865377426147461	0.01668880746473178	0.0023047924041748047	0.01694505989752315	10	467	290	2.7592296600341797	5.787559747695923	3.944578133486999	4.037344769234068	0	0.14045317333572596	0.010004463492792782	0.020452397092403426	0.00684364675254145	0.0068463405622293215
757	-0.10692429542541504	0.0317566853997846	-0.1015920639038086	0.031812787467742965	10	467	291	2.6523053646087646	5.685967683792114	3.9560109384392206	4.047665716682303	0	0.14046472150626027	0.009601260875833446	0.020031554123450968	0.006831915527111961	0.006835658718198844
758	0.03990316390991211	0.009808136452988947	0.05218839645385742	0.010019852030382026	10	467	292	2.6922085285186768	5.738156080245972	3.957603200929242	4.050389345406728	0	0.13951872066968363	0.00970539112680966	0.020142058736270237	0.006809193933296282	0.0068130242114752375
759	-0.078369140625	0.009809851528416402	-0.06253886222839355	0.009560951267474138	10	467	293	2.6138393878936768	5.675617218017578	3.963744923131543	4.05430045469555	0	0.13849132687817048	0.009403766018070588	0.019858904897350156	0.006792534902269414	0.006795553568165461
760	0.05237269401550293	0.02486336443911341	0.06290006637573242	0.024776298644383132	10	467	294	2.6662120819091797	5.7385172843933105	3.9664878222099844	4.058256873045622	0	0.13771975059928546	0.009550417649461141	0.020005803059392414	0.006770900850365935	0.006773913832350227
761	-0.029726266860961914	0.0030618545674201414	-0.020156145095825195	0.0030008272565851257	10	467	295	2.6364858150482178	5.718361139297485	3.9673714731514735	4.058663143230746	0	0.13701784368216102	0.009416823484459701	0.019869197793558342	0.006749153599469225	0.006752215974671497
762	-0.22198212146759033	0.03281596860888669	-0.21581995487213135	0.032760270663132474	10	467	296	2.4145036935806274	5.502541184425354	4.016647535402726	4.105241396151754	0	0.13818420661714823	0.008632420281232414	0.019070251513335666	0.006771819685408582	0.006776550344452054
763	0.028281211853027344	0.018204901970761966	0.0389552116394043	0.018136968039243584	10	467	297	2.442784905433655	5.541496396064758	4.017447362346601	4.106758904665625	0	0.13736391318122398	0.008698801333839828	0.019137430432680493	0.006749229588632899	0.006753951899697642
764	0.04725635051727295	0.007558592891669491	0.05692434310913086	0.007811740669012579	10	467	298	2.4900412559509277	5.598420739173889	4.019680525010813	4.109999285504031	0	0.1366567653597328	0.008828624731763846	0.019264659094890762	0.0067277192276661135	0.0067323752008724026
765	-0.09607386589050293	0.007659464362575363	-0.08368134498596191	0.007559075516098801	10	467	299	2.393967390060425	5.514739394187927	4.028910712717959	4.117001853002691	0	0.13602220944526447	0.008476602951152212	0.0189192027053577	0.006714339293308024	0.006718632462396745
766	-0.0063478946685791016	0.024416278374644662	0.0016502141952514648	0.02398095025263558	10	467	300	2.3876194953918457	5.516389608383179	4.0289510084846825	4.117004576209581	0	0.13541332915302345	0.008427022691554448	0.01886144689094263	0.0066920293000589616	0.00669637349251665
767	0.0050389766693115234	0.008394892176340818	0.018369436264038086	0.008628881077981987	10	467	301	2.3926584720611572	5.534759044647217	4.028976399770556	4.11734201239824	0	0.13439143541528928	0.008415729204813639	0.018859806855519613	0.006669694794716728	0.006674015122447204
768	-0.04443359375	0.006099317809457716	-0.03742170333862305	0.005768878038452385	10	467	302	2.3482248783111572	5.497337341308594	4.030950744024096	4.1187423962790035	0	0.13394384212480404	0.008240150058784357	0.018672825094077278	0.006649817774522105	0.006654432862818716
769	0.04568314552307129	0.010975503012616628	0.058905839920043945	0.011097898192304001	10	467	303	2.3939080238342285	5.556243181228638	4.0330376938089785	4.122212294255689	0	0.13298292464016925	0.00836413348747405	0.01880604699747452	0.006628921491210528	0.006633699570266436
770	0.01940441131591797	0.004828736475019468	0.028280973434448242	0.0050045197501162875	10	467	304	2.4133124351501465	5.584524154663086	4.033414224987496	4.123012107714089	0	0.1323130320171175	0.008400570047963964	0.01883731738175496	0.0066071081112431315	0.0066118438711691326
771	-0.02805614471435547	0.006469695323630731	-0.019257068634033203	0.006513046725103777	10	467	305	2.385256290435791	5.565267086029053	4.034201372243729	4.123382942406465	0	0.13168949135217262	0.008280646644140544	0.018712006901439867	0.006586430190423582	0.006591249781053782
772	0.046063899993896484	0.011804567350623074	0.05671811103820801	0.011701282476394681	10	467	306	2.4313201904296875	5.621985197067261	4.036323255126376	4.126599886526208	0	0.1309305746426605	0.008404526163320072	0.018836617078937468	0.006565968535104583	0.006570785259178807
773	-0.13475584983825684	0.010818871591879997	-0.12322306632995605	0.010534406794192819	10	467	307	2.2965643405914307	5.498762130737305	4.054482394192007	4.141783810601964	0	0.13066870695772526	0.007936681797301847	0.018372369747535856	0.006561177009565495	0.006565710436320432
774	-0.051123857498168945	0.014399953223175999	-0.04138743877410889	0.01405725796389845	10	467	308	2.2454404830932617	5.457374691963196	4.0570960429975	4.143496730690245	0	0.13004589869254007	0.007744302190476209	0.018177712390787828	0.006542599167574819	0.006547183175827566
775	0.16386747360229492	0.008436543900984361	0.1796097755432129	0.008853527429778296	10	467	309	2.4093079566955566	5.636984467506409	4.083948591902299	4.175756402160928	0	0.12961807891421595	0.008251195604150946	0.01870184246595804	0.00654099276361816	0.006546905511204695
776	-0.017812728881835938	0.009775559084573615	-0.008945465087890625	0.009845230967016505	10	467	310	2.3914952278137207	5.628039002418518	4.084265885212517	4.175836423506567	0	0.12898291520581776	0.008166846333969758	0.018612368978728755	0.00652033574627825	0.0065262970750679635
777	0.11297869682312012	0.008906018987374864	0.1262500286102295	0.009480280047512224	10	467	311	2.504473924636841	5.754289031028748	4.097030071148367	4.191775493230651	0	0.12833536108412436	0.008504949077483146	0.018959587235604564	0.0065080567620040925	0.006514470305568129
778	0.04160201549530029	0.01010309792111741	0.04776406288146973	0.009999558590777724	10	467	312	2.546075940132141	5.802053093910217	4.098760798841639	4.194056898933596	0	0.1279103109440057	0.008611370512910211	0.019052206128356543	0.006487969650531555	0.00649415016446683
779	0.02448248863220215	0.004260410145946025	0.04034233093261719	0.004420018053792774	10	467	313	2.5705584287643433	5.8423954248428345	4.0993601910912645	4.195684402598673	0	0.126762513680463	0.008662239481241275	0.019120443707857378	0.006467341502208979	0.006473661765917271
780	-0.23627853393554688	0.018373932060512743	-0.22221660614013672	0.017814796154425494	10	467	314	2.3342798948287964	5.620178818702698	4.155187736689996	4.245064622643113	0	0.1274486602492547	0.00787968109971799	0.018349398820164106	0.006493969641662882	0.006498847762114863
781	0.1637113094329834	0.008239822200209801	0.17073273658752441	0.008682335058608714	10	467	315	2.49799120426178	5.790911555290222	4.181989129526258	4.274214289985778	0	0.12761854081899177	0.00837596017084304	0.018834696074200283	0.006492251184329652	0.006496269912760844
782	-0.03479480743408203	0.005298066291175019	-0.026064634323120117	0.005411560293566708	10	467	316	2.4631963968276978	5.764846920967102	4.183199808150633	4.274893655148176	0	0.1270420336166202	0.008238910114954388	0.018692158517383393	0.006473059044497255	0.006477182532410809
783	0.0554196834564209	0.004560762396579321	0.06952166557312012	0.0048245332534975205	10	467	317	2.5186160802841187	5.834368586540222	4.186271149465043	4.279726917132237	0	0.12609559285504207	0.008388216359705864	0.01885301138781294	0.0064542693430091535	0.006458655915297392
784	0.020722627639770508	0.005493122104041959	0.03300809860229492	0.005864212553547077	10	467	318	2.539338707923889	5.867376685142517	4.186700576761339	4.280816451705576	0	0.125220742078031	0.008427126174469475	0.018897664659782914	0.006433994311215807	0.006438404215778476
785	-0.006855487823486328	0.00789078660307041	0.00011706352233886719	0.008081994844530982	10	467	319	2.532483220100403	5.867493748664856	4.186747574474637	4.280816465409444	0	0.12473081129049017	0.008379067639884708	0.01883860616564001	0.006413909762356342	0.006418397444257763
786	-0.18811535835266113	0.011240985426695715	-0.17571282386779785	0.010851045434321804	10	467	320	2.3443678617477417	5.691780924797058	4.222134962522787	4.31169146188104	0	0.12492972224582631	0.007763097652447261	0.018228727074626097	0.006423374305990305	0.006427246472550294
787	0.018652915954589844	0.009956285014709465	0.02928757667541504	0.009710425522314381	10	467	321	2.3630207777023315	5.721068501472473	4.222482893796396	4.312549224028558	0	0.1241793955665098	0.007797128334641456	0.018263285979628563	0.006403360227487533	0.006407223047405715
788	0.0206451416015625	0.006890602475550622	0.031152725219726562	0.00726004491968979	10	791	2	0.039298057556152344	0.0604403018951416	0.000774153145357559	0.0018282544361341024	1	0.04086171110046115	0.019649028778076172	0.0302201509475708	0.0009961128234863281	0.0009325742721557617
789	0.12318336963653564	0.017276595302817555	0.1450977325439453	0.018240466037241276	10	791	1	0.12318336963653564	0.1450977325439453	0.015174142555011372	0.021053351989394287	None	None	None	None	None	None
790	0.12371039390563965	0.01221742731223685	0.14492201805114746	0.013170927215753636	10	791	1	0.12371039390563965	0.14492201805114746	0.015304261560288523	0.02100239131601711	None	None	None	None	None	None
791	-0.000986933708190918	0.020943661441677364	0.02027308940887451	0.021869144102836913	10	791	1	-0.000986933708190918	0.02027308940887451	9.74038144363476e-07	0.0004109981541802199	None	None	None	None	None	None
792	0.23595762252807617	0.014126513826568043	0.2642483711242676	0.01593527145519147	10	791	2	0.23497068881988525	0.2845214605331421	0.05567697366724644	0.07023819979600887	None	None	None	None	None	None
793	-0.05253958702087402	0.00639447294298634	-0.03660178184509277	0.00598145010241069	10	791	3	0.18243110179901123	0.24791967868804932	0.05843738187157044	0.07157789023024463	0	0.46635046076163106	0.09170901775360107	0.1138232946395874	0.1442486047744751	0.15042507648468018
794	0.015351533889770508	0.007813170017413995	0.03828120231628418	0.008183213545123635	10	791	4	0.19778263568878174	0.2862008810043335	0.05867305146433921	0.07304334068102492	0	0.43491753062502053	0.06625652313232422	0.08864259719848633	0.08708453446072022	0.09042474994211615
795	0.11838829517364502	0.018063579313562173	0.13527321815490723	0.01869114998595478	10	791	5	0.31617093086242676	0.4214740991592407	0.07268883989846131	0.09134218423101004	0	0.4127846458636382	0.07928946614265442	0.10030025243759155	0.06294216134381388	0.06499398915839029
796	0.19042015075683594	0.022544663953681265	0.20711946487426758	0.023088437890351088	10	791	6	0.5065910816192627	0.6285935640335083	0.10894867371271744	0.134240656960813	0	0.40000239004775995	0.10151560306549072	0.12166409492492676	0.053581998537672024	0.05468953228778101
797	-0.05743217468261719	0.003886119591015813	-0.029258012771606445	0.003321859692562157	10	791	7	0.4491589069366455	0.5993355512619019	0.11224712840149209	0.13509668827215648	0	0.3866962700316936	0.0750243067741394	0.09651041030883789	0.05114498174200692	0.051251059933785696
798	0.12518572807312012	0.013875334858255428	0.14473652839660645	0.015057557864736282	10	791	8	0.5743446350097656	0.7440720796585083	0.12791859491468927	0.15604535092445815	0	0.36935552846958886	0.08219022410256523	0.10339985574994769	0.043815356709485095	0.04385952727757215
799	0.039667725563049316	0.006052992628909237	0.06262671947479248	0.00604853685605633	10	791	9	0.6140123605728149	0.8066987991333008	0.12949212336603466	0.1599674569166325	0	0.3494755588537151	0.07687491178512573	0.09830321371555328	0.03831568422612976	0.03832387454036749
800	0.11876988410949707	0.0039484340487092595	0.13991308212280273	0.004369189822568842	10	791	10	0.732782244682312	0.9466118812561035	0.14359840873741803	0.17954312746573464	0	0.3318556097575161	0.08152990871005589	0.1029265324274699	0.0341103805825138	0.034113228456793404
801	0.19158196449279785	0.01756470597530324	0.21097707748413086	0.018890039636744405	10	791	11	0.9243642091751099	1.1575889587402344	0.18030205785633768	0.2240544546894796	0	0.32476433443157127	0.09253511428833008	0.11373158693313598	0.03243345495945853	0.03236848911312851
802	0.02673816680908203	0.0031139091421437115	0.052451372146606445	0.0035369870134331904	10	791	12	0.9511023759841919	1.2100403308868408	0.18101698742064798	0.2268056011295414	0	0.3074604851577308	0.08655357360839844	0.10816065831617876	0.029940741661165966	0.02980369026786026
803	0.05427742004394531	0.012064735101034785	0.07722640037536621	0.012855282067960161	10	791	13	1.0053797960281372	1.287266731262207	0.18396302574727486	0.23276951804447776	0	0.29051224100594975	0.08386389414469402	0.10558280348777771	0.027464056236616602	0.027328775375083453
804	-0.06973624229431152	0.02662893697566915	-0.05114269256591797	0.025682880325007318	10	791	14	0.9356435537338257	1.236124038696289	0.18882616923660578	0.23538509304736976	0	0.29561747219473067	0.07204849903400128	0.0935269960990319	0.02788970658715891	0.027880147323096634
805	0.10697293281555176	0.00870024807414893	0.1297750473022461	0.009554304250059431	10	791	15	1.0426164865493774	1.3658990859985352	0.20026937759176633	0.25222665594967	0	0.28089123558313267	0.07454310144696917	0.09611614261354719	0.02594107523241963	0.025941531638504812
806	0.06559586524963379	0.005754711736869922	0.08480477333068848	0.0059927269659851845	10	791	16	1.1082123517990112	1.4507038593292236	0.20457219512961444	0.2594185055293394	0	0.2680306502305992	0.07394661903381347	0.09536205132802328	0.024157191977850375	0.02416202203703661
807	0.19473671913146973	0.012051999728498686	0.21056628227233887	0.012581581675078723	10	791	17	1.302949070930481	1.6612701416015625	0.24249458490770337	0.3037566647593337	0	0.26791000884532906	0.08149600028991699	0.102562315762043	0.023824710723802836	0.02372070199684807
808	0.030087590217590332	0.004027561868795715	0.04867243766784668	0.004505253171544155	10	791	18	1.3330366611480713	1.7099425792694092	0.243399847992805	0.30612567094786414	0	0.2582792802969306	0.07847197616801542	0.09939232293297262	0.022582805651021325	0.02250608555018366
809	0.02581167221069336	0.0017178745503088066	0.04689526557922363	0.0017894174789603312	10	812	2	0.05589926242828369	0.09556770324707031	0.0015715055074139173	0.004568172122276337	1	0.036989183564738265	0.027949631214141846	0.047783851623535156	0.0021379590034484863	0.0008885860443115234
810	0.011289119720458984	0.0019316657790113823	0.059706807136535645	0.0022079007475355183	10	812	1	0.011289119720458984	0.059706807136535645	0.00012744422406285594	0.0035649028184394638	None	None	None	None	None	None
811	-0.044296979904174805	0.017136717089158537	-0.014228105545043945	0.01735630669116972	10	812	1	-0.044296979904174805	-0.014228105545043945	0.0019622224286308665	0.00020243898740091026	None	None	None	None	None	None
812	0.005292415618896484	0.012794396705317013	0.052870988845825195	0.014204959047731336	10	812	1	0.005292415618896484	0.052870988845825195	2.8009663083139458e-05	0.0027953414615353722	None	None	None	None	None	None
813	-0.16024422645568848	0.017885645623721302	-0.12672805786132812	0.01736534625058539	10	812	2	-0.154951810836792	-0.07385706901550293	0.02570622177546511	0.0188553421108395	None	None	None	None	None	None
814	0.028437376022338867	0.014391517423575806	0.06379938125610352	0.014437422027640423	10	812	3	-0.12651443481445312	-0.010057687759399414	0.026514906130501004	0.022925703159501154	0	0.4199661701087454	-0.0659034252166748	-0.031464338302612305	0.09434080123901367	0.09526371955871582
815	-0.048993825912475586	0.012852223233096538	-0.006679534912109375	0.012889989259861068	10	812	4	-0.1755082607269287	-0.01673722267150879	0.028915301108042968	0.022970319346143242	0	0.33365238498481553	-0.06026689211527506	-0.02320273717244466	0.054758555783940004	0.0556175584501382
816	0.012997865676879883	0.006838015602113501	0.07195281982421875	0.0077027192376135645	10	812	5	-0.16251039505004883	0.05521559715270996	0.02908424562019718	0.02814752762679973	0	0.26421580454819393	-0.04195070266723633	0.0005861520767211914	0.04283377769550428	0.0459626767680729
817	-0.017148852348327637	0.019252650582032516	0.019775748252868652	0.01913383692108539	10	812	6	-0.17965924739837646	0.07499134540557861	0.029378328757061922	0.028538607845760566	0	0.21328090244968056	-0.03699033260345459	0.004424071311950684	0.0335476493687768	0.0358088008381732
818	0.06591784954071045	0.022746063526952298	0.09585845470428467	0.023492000558363202	10	812	7	-0.11374139785766602	0.17084980010986328	0.03372349164513366	0.03772745118405396	0	0.20720679006862586	-0.019838968912760418	0.019663135210673015	0.032318196039239605	0.03297083378009486
819	-0.07134723663330078	0.00956388657948537	-0.021943330764770508	0.009490593639782219	10	812	8	-0.1850886344909668	0.14890646934509277	0.03881391982034188	0.038208960949106086	0	0.16502303642866217	-0.027197292872837613	0.013719354357038225	0.028287663885425737	0.028492302510942626
820	0.20609450340270996	0.014181853603133732	0.24580097198486328	0.0174339651422315	10	812	9	0.021005868911743164	0.39470744132995605	0.08128886415315151	0.09862707877780963	0	0.23131400320071172	0.001964181661605835	0.04272955656051636	0.03808589690547025	0.03808477791280905
821	0.03961896896362305	0.0026544820518381584	0.09331989288330078	0.003399288807912626	10	812	10	0.06062483787536621	0.48802733421325684	0.08285852685489203	0.10733568118556036	0	0.19664546948329842	0.006148046917385525	0.04835070504082574	0.03384817631385682	0.034054740170651195
822	-0.08141636848449707	0.019345861807721576	-0.04894542694091797	0.018832871288395836	10	812	11	-0.02079153060913086	0.43908190727233887	0.08948715191209544	0.1097313360039891	0	0.1856470926695944	-0.0026083946228027343	0.03862109184265137	0.0315156231140348	0.031975703830542025
823	0.08344721794128418	0.010420748386252399	0.1363379955291748	0.012776653439516394	10	812	12	0.06265568733215332	0.5754199028015137	0.09645059009423562	0.1283193850289024	0	0.1649976554580772	0.005214842883023349	0.04750444672324441	0.02956094474777515	0.03025657652389128
824	-0.0036519765853881836	0.007030803832392962	0.02963864803314209	0.007083638094471212	10	812	13	0.05900371074676514	0.6050585508346558	0.09646392702721585	0.12919783448613487	0	0.1473394787509792	0.004475941260655721	0.04601563016573588	0.026995441360688727	0.02766044577605934
825	0.05993199348449707	0.011902680831838097	0.09360432624816895	0.0131021281109156	10	812	14	0.11893570423126221	0.6986628770828247	0.10005577087024164	0.13795960437850852	0	0.13357524106591978	0.00874179143172044	0.04967629909515381	0.025195939243500002	0.02570589475493598
826	0.2648143768310547	0.03907732658944951	0.3008301258087158	0.04021188366647266	10	812	15	0.3837500810623169	0.9994930028915405	0.17018242504666148	0.2284583689725963	0	0.17177929231427946	0.027032690388815745	0.06761585814612252	0.029642900905814465	0.029803050187890465
827	-0.014842867851257324	0.0048870851471320975	0.04146528244018555	0.004956440322189337	10	812	16	0.36890721321105957	1.040958285331726	0.17040273577271137	0.23017773862044066	0	0.14924014305089667	0.024240986506144205	0.06587248643239339	0.02773688834023867	0.027799848417462514
828	-0.051503777503967285	0.01751979613460719	-0.006649971008300781	0.017787693843700936	10	812	17	0.3174034357070923	1.0343083143234253	0.17305537486988953	0.2302219607348519	0	0.13572220458050027	0.019506938755512238	0.061339832842350006	0.02637383762470439	0.02639645002830853
829	0.12504851818084717	0.007450425342781841	0.1673729419708252	0.009520190649311644	10	812	18	0.44245195388793945	1.2016812562942505	0.1886925067691152	0.2582356624388211	0	0.12777951314133557	0.025715266957002526	0.06757707455578972	0.025539964565121472	0.025567606737382585
830	0.06539082527160645	0.013130434969809812	0.08836960792541504	0.01290575284173201	10	812	19	0.5078427791595459	1.2900508642196655	0.19296846679881696	0.2660448500437127	0	0.12036680747069581	0.02791946464114719	0.06873221529854669	0.024179984162246405	0.02413303237712853
831	-0.06503880023956299	0.039608812717361275	-0.03689420223236084	0.03926479459029508	10	812	20	0.4428039789199829	1.2531566619873047	0.19719851233541874	0.26740603220207504	0	0.11701202695506907	0.023026924384267705	0.06317293016534102	0.02338940362036308	0.02349475042353238
832	-0.06816434860229492	0.014104260866815821	-0.030947208404541016	0.014577023288779856	10	835	2	-0.1332031488418579	-0.06784141063690186	0.008876423956976964	0.0023189118663964337	1	0.032603524518266355	-0.06660157442092896	-0.03392070531845093	0.0015627741813659668	0.002973496913909912
833	0.012802720069885254	0.011238001001473208	0.07718789577484131	0.012894560528437182	10	835	1	0.012802720069885254	0.07718789577484131	0.00016390964118784268	0.005957971254147765	None	None	None	None	None	None
834	-0.033388376235961914	0.004994657087252108	0.06443428993225098	0.004680556435062044	10	835	1	-0.033388376235961914	0.06443428993225098	0.0011147836676741463	0.0041517777190733796	None	None	None	None	None	None
835	-0.17760682106018066	0.029894447201456842	-0.10539031028747559	0.027409932315151764	10	835	1	-0.17760682106018066	-0.10539031028747559	0.031544182887103034	0.011107117502490382	None	None	None	None	None	None
836	-0.19732451438903809	0.01197665327077857	-0.09664058685302734	0.007963125164792473	10	835	2	-0.37493133544921875	-0.20203089714050293	0.07048114686597273	0.020446520529787904	None	None	None	None	None	None
837	0.029042720794677734	0.011170415136916745	0.12434554100036621	0.0139535312154635	10	835	3	-0.345888614654541	-0.07768535614013672	0.07132462649713034	0.03590833409646166	0	0.32344836724335246	-0.08414089679718018	0.013852477073669434	0.11318361759185791	0.11049306392669678
838	-0.014121055603027344	0.0013332351509234286	0.08801770210266113	0.0033531462026417103	10	835	4	-0.36000967025756836	0.010332345962524414	0.07152403070847413	0.043655449979894456	0	0.1914478219940312	-0.06080094973246256	0.03857421875	0.06938969827030375	0.06841591118651362
839	-0.02934551239013672	0.007806853195916119	0.04840874671936035	0.008716807683470051	10	842	3	-0.014423847198486328	0.2607719898223877	0.001904042939941064	0.025552336209045734	1	0.02337630861055149	-0.004807949066162109	0.08692399660746257	0.017486632119386877	0.021927884266397905
840	0.05800759792327881	0.004718246408870641	0.20296883583068848	0.009831476576607656	10	842	1	0.05800759792327881	0.20296883583068848	0.00336488141682878	0.04119634831846497	None	None	None	None	None	None
841	0.11846756935119629	0.008296599319635334	0.3297269344329834	0.01946452811949939	10	842	1	0.11846756935119629	0.3297269344329834	0.014034564987980502	0.10871985129057293	None	None	None	None	None	None
842	-0.029229164123535156	0.02838263959267806	0.1065521240234375	0.02586677665408388	10	842	1	-0.029229164123535156	0.1065521240234375	0.0008543440353605547	0.011353355133906007	None	None	None	None	None	None
843	0.13478517532348633	0.007215183686639648	0.2809462547302246	0.011898920716134853	10	842	2	0.10555601119995117	0.3874983787536621	0.019021387522343502	0.09028415318084626	None	None	None	None	None	None
844	0.18618202209472656	0.006118926166436722	0.3869037628173828	0.01791753581562716	10	842	3	0.29173803329467773	0.7744021415710449	0.05368513287362475	0.23997867486309588	0	0.10417842818128227	0.16048359870910645	0.3339250087738037	0.025698423385620117	0.0529787540435791
845	-0.1107034683227539	0.009332997812634858	0.017832040786743164	0.00667357936430335	10	842	4	0.18103456497192383	0.7922341823577881	0.06594039077231173	0.24029665654171595	0	0.17421586230652547	0.07008790969848633	0.2285606861114502	0.09160522317644852	0.10971428021653894
846	0.1966407299041748	0.023625587257754432	0.32813453674316406	0.025805039079386916	10	842	5	0.37767529487609863	1.1203687191009521	0.10460796742955836	0.34796893074536683	0	0.11095009565667896	0.10172611474990845	0.25345414876937866	0.07208837961474307	0.08147573948617032
847	-0.0670313835144043	0.015815619284126115	0.07552742958068848	0.01586269005150598	10	842	6	0.31064391136169434	1.1958961486816406	0.10910117380541351	0.3536733233644327	0	0.08404546750405512	0.0679746150970459	0.21786880493164062	0.06524725598908174	0.07245201426420811
848	0.08402323722839355	0.007077798451803119	0.2425680160522461	0.012741390374458206	10	851	6	0.42389631271362305	1.3319120407104492	0.11530673416439186	0.4011592106420494	1	0.04513302875286207	0.07064938545227051	0.2219853401184082	0.053341266131607994	0.059299877255954245
849	0.2456350326538086	0.015433173329142846	0.542070746421814	0.0447429537594104	10	851	1	0.2456350326538086	0.542070746421814	0.060336569266837614	0.29384069412630254	None	None	None	None	None	None
850	-0.03420901298522949	0.0340509717057671	0.2516207695007324	0.06532620920938825	10	851	1	-0.03420901298522949	0.2516207695007324	0.0011702565694236	0.06331301164414072	None	None	None	None	None	None
851	0.07712984085083008	0.011222485957091521	0.4410356283187866	0.03658308047950243	10	851	1	0.07712984085083008	0.4410356283187866	0.005949012349674376	0.1945124254465469	None	None	None	None	None	None
852	0.05579996109008789	0.007467003791589377	0.41742146015167236	0.031785411384035456	10	851	2	0.13292980194091797	0.858457088470459	0.009062648007329699	0.3687531008417011	None	None	None	None	None	None
853	0.24653387069702148	0.02138016672950016	0.6975977420806885	0.07340654468788443	10	851	3	0.37946367263793945	1.5560548305511475	0.06984159740818541	0.8553957105977759	0	0.1257720042365524	0.1511669158935547	0.5575096011161804	0.0953669548034668	0.14008814096450806
854	0.09349632263183594	0.010352964670005349	0.39944350719451904	0.03569722339729253	10	857	3	0.3958301544189453	1.5144627094268799	0.07263414740418739	0.8204384005910867	1	0.022758969604649116	0.1319433848063151	0.5048209031422933	0.0583194893406789	0.09652803378888151
855	0.31004881858825684	0.013624195715294718	1.107519268989563	0.1421835138008447	10	857	1	0.31004881858825684	1.107519268989563	0.0961302699079738	1.226598931183176	None	None	None	None	None	None
856	0.017450928688049316	0.01537121306360234	0.7032225131988525	0.11444164369882515	10	857	1	0.017450928688049316	0.7032225131988525	0.00030453491207538264	0.49452190306971033	None	None	None	None	None	None
857	0.12406229972839355	0.009328040124557901	0.8656353950500488	0.106585970510082	10	857	1	0.12406229972839355	0.8656353950500488	0.01539145421389776	0.7493246371634541	None	None	None	None	None	None
858	0.32648444175720215	0.02448593886862227	0.7263576984405518	0.08438318522365762	10	857	2	0.4505467414855957	1.5919930934906006	0.12198354492340968	1.2769201432473096	None	None	None	None	None	None
859	0.26325297355651855	0.014563928780091828	1.042217493057251	0.13730192845736156	10	857	3	0.7137997150421143	2.6342105865478516	0.19128567300975874	2.3631374460818506	0	0.08490784685411734	0.29486870765686035	0.8842875957489014	0.0316157341003418	0.1579298973083496
860	0.21998000144958496	0.02462841546054051	0.6702146530151367	0.09882670249749026	10	863	3	0.8097174167633057	2.4387898445129395	0.22428541983362038	2.0630004900345966	1	0.022706909828037955	0.26990580558776855	0.8129299481709799	0.030924607687281003	0.11578369785565734
861	0.6397652626037598	0.06387811427202905	2.0002834796905518	0.5072876185774362	10	863	1	0.6397652626037598	2.0002834796905518	0.4092995912344577	4.001133999122942	None	None	None	None	None	None
862	0.27735257148742676	0.042465862309938984	1.240799903869629	0.34470261863361884	10	863	1	0.27735257148742676	1.240799903869629	0.07692444891068817	1.5395844014428803	None	None	None	None	None	None
863	0.7308685779571533	0.08821888072515094	1.8384368419647217	0.43587808028081554	10	863	1	0.7308685779571533	1.8384368419647217	0.5341688782451115	3.379850021893219	None	None	None	None	None	None
864	0.049912452697753906	0.031547803925263906	0.7611043453216553	0.12581766257022764	10	863	2	0.7807810306549072	2.599541187286377	0.536660131179417	3.9591298463607245	None	None	None	None	None	None
865	0.5508403778076172	0.07806745028460682	1.611777663230896	0.4140981427998014	10	863	3	1.3316214084625244	4.211318850517273	0.8400852530026555	6.556957082050772	0	0.1617832958855527	0.30037641525268555	1.1864410042762756	0.25046396255493164	0.42533665895462036
866	0.5660443305969238	0.0669958357913174	1.4991109371185303	0.2978520398669673	10	869	2	1.116884708404541	3.1108886003494263	0.623831306024158	4.845160837478446	1	0.018128783344020318	0.5584423542022705	1.5554443001747131	0.00760197639465332	0.05633336305618286
867	0.7895896434783936	0.07553848193816748	2.3827149868011475	0.7021574031362547	10	869	1	0.7895896434783936	2.3827149868011475	0.6234518050883366	5.677330708326792	None	None	None	None	None	None
868	0.782373309135437	0.08657396765063652	2.445733070373535	0.7126188115754815	10	869	1	0.782373309135437	2.445733070373535	0.6121079948475341	5.9816102515187595	None	None	None	None	None	None
869	0.7705075740814209	0.11128910949440751	2.3237006664276123	0.7652445122549238	10	869	1	0.7705075740814209	2.3237006664276123	0.5936819217168363	5.3995847871561296	None	None	None	None	None	None
870	0.6793065071105957	0.11938355503514231	2.1504392623901367	0.7220041767347141	10	869	2	1.4498140811920166	4.474139928817749	1.0551392523196341	10.023973808385165	None	None	None	None	None	None
871	0.6925685405731201	0.14709077926471537	2.058789372444153	0.9064338585325373	10	874	2	1.3718750476837158	4.2092286348342896	0.9411085139943793	8.863002701318024	1	0.010385188450143225	0.6859375238418579	2.1046143174171448	0.006631016731262207	0.04582494497299194
872	0.8351659774780273	0.09538333091143159	2.7347846031188965	0.8140297762948876	10	874	1	0.8351659774780273	2.7347846031188965	0.6975022099368289	7.47904682545618	None	None	None	None	None	None
873	1.4889260530471802	0.4050656159061674	3.0110256671905518	1.4601529489108032	10	874	1	1.4889260530471802	3.0110256671905518	2.2169007914426544	9.066275568480307	None	None	None	None	None	None
874	1.1224318742752075	0.3074051414827892	2.865371346473694	1.8718775916442922	10	874	1	1.1224318742752075	2.865371346473694	1.2598533123889553	8.21035295319247	None	None	None	None	None	None
875	1.2143361568450928	1.2944403278164032	2.66071355342865	1.792785867799111	10	874	2	2.3367680311203003	5.526084899902344	2.734465614210265	15.289749566591382	None	None	None	None	None	None
876	1.2737202644348145	0.46163060986108917	3.2770599126815796	1.554822863209992	10	874	3	3.6104882955551147	8.803144812583923	4.356828926242159	26.028871237895984	0	0.056532453327079686	1.2440282106399536	2.9688867330551147	0.02969205379486084	0.30817317962646484
877	1.5828417539596558	0.3753918808658483	3.0864943861961365	1.8035701674434712	10	880	2	2.85656201839447	6.363554298877716	4.127751330109973	20.265569267324867	1	0.03284319999400709	1.428281009197235	3.181777149438858	0.15456074476242065	0.09528276324272622
878	1.4342583417892456	0.8423442256144114	3.5125538110733032	3.638690271746114	10	880	1	1.4342583417892456	3.5125538110733032	2.0570969909920365	12.338034275685587	None	None	None	None	None	None
879	0.9994140863418579	0.6094628709446823	3.0368696451187134	2.6175870766420957	10	880	1	0.9994140863418579	3.0368696451187134	0.9988285159785306	9.22257724144346	None	None	None	None	None	None
880	1.1401269435882568	0.6060272065147387	3.7256052494049072	2.6480129069215366	10	880	1	1.1401269435882568	3.7256052494049072	1.2998894474959002	13.880134474393401	None	None	None	None	None	None
881	1.3173919916152954	1.232622939858814	3.942709445953369	5.162135863660296	10	880	2	2.4575189352035522	7.668314695358276	3.0354111070680148	29.425092249603324	None	None	None	None	None	None
882	1.692812442779541	1.5806565373083856	5.097631573677063	6.991405760852572	10	880	3	4.150331377983093	12.76594626903534	5.901025073497252	55.410939910552614	0	0.06325819231817426	1.5051022171974182	4.520170509815216	0.1877102255821228	0.5774610638618469
883	1.708046317100525	1.4491364994499492	3.3607319593429565	2.0181566662759707	10	886	3	4.718250751495361	12.401072978973389	7.518557847362018	52.82532473870836	1	0.01985700939312307	1.5727502504984539	4.13369099299113	0.12775484076488797	0.5104117720201318
884	3.305038571357727	4.226095460263608	-2.4332104921340942	23.597243266974615	10	886	1	3.305038571357727	-2.4332104921340942	10.923279958162325	5.920513299031441	None	None	None	None	None	None
885	1.2478904724121094	2.2518025853696884	5.765202045440674	12.037341521373861	10	886	1	1.2478904724121094	5.765202045440674	1.5572306311369175	33.23755462475333	None	None	None	None	None	None
886	1.8028124570846558	1.08504989194374	1.6116175055503845	2.381171311570686	10	886	1	1.8028124570846558	1.6116175055503845	3.2501327554196138	2.5973109841964437	None	None	None	None	None	None
887	-1.062739610671997	1.0866676611859418	0.5987574458122253	6.727774887808284	10	886	2	0.7400728464126587	2.21037495136261	4.379548235510882	2.9558214631120237	None	None	None	None	None	None
888	1.5867969989776611	1.0453527644918381	2.8239967226982117	4.129232470167853	10	886	3	2.32686984539032	5.0343716740608215	6.897472951475393	10.930778952922264	0	0.278026502244648	0.26202869415283203	1.7113770842552185	1.324768304824829	1.1126196384429932
889	1.40371572971344	0.6747725829249731	2.6038891077041626	2.091404624359157	10	892	2	2.990512728691101	5.427885830402374	4.488342565809447	14.75519597503062	1	0.037218578307932265	1.4952563643455505	2.713942915201187	0.0915406346321106	0.11005380749702454
890	3.467060387134552	1.917149878965791	4.887178838253021	4.84917572578922	10	892	1	3.467060387134552	4.887178838253021	12.02050772803759	23.88451699706815	None	None	None	None	None	None
891	3.657768487930298	3.031074280615684	-9.686233699321747	35.185739954217965	10	892	1	3.657768487930298	-9.686233699321747	13.379270311295897	93.82312327787625	None	None	None	None	None	None
892	-14.859132170677185	58.59347260275452	-8.278222560882568	20.71515579166791	10	892	1	-14.859132170677185	-8.278222560882568	220.79380886565366	68.52896876750515	None	None	None	None	None	None
893	-9.572523713111877	17.93851020731246	-7.27835738658905	13.270519335695568	10	892	2	-24.431655883789062	-15.556579947471619	312.42701910374285	121.50345501442054	None	None	None	None	None	None
894	1.4115816950798035	8.253551993226953	0.6808773875236511	13.70355652685588	10	892	3	-23.02007418870926	-14.875702559947968	314.41958198562725	121.96704903126157	0	0.4634728014529691	-4.080471009016037	-3.2987399995326996	5.4920527040958405	3.9796173870563507
895	-2.524595320224762	9.78735841990552	4.199472427368164	6.087262442515595	10	892	4	-25.54466950893402	-10.676230132579803	320.793163516528	139.60261769948704	0	0.29804722596456906	-3.5618457794189453	-0.7993358572324117	3.2129715887783354	3.395016826026283
896	-0.9571777582168579	2.9614697966233194	1.13503897190094	2.6080457775256463	10	892	5	-26.50184726715088	-9.541191160678864	321.70935277735305	140.89093116722097	0	0.2400905633413028	-2.9106787741184235	-0.3157421499490738	2.363389871337448	2.4488635115548663
897	-0.03218722343444824	2.50523543470905	0.2836669683456421	6.646076741953671	10	892	6	-26.534034490585327	-9.257524192333221	321.71038879470547	140.97139811615136	0	0.22718528406175847	-2.3349804639816285	-0.19586032629013062	1.9190611127993358	1.9006659755408608
898	-2.345717191696167	2.003969896154871	3.2650192975997925	3.5524298442874027	10	901	3	-3.335082173347473	4.6837252378463745	6.419614421596421	12.029131430363392	1	0.047843047079465705	-1.111694057782491	1.5612417459487915	0.6723123514247574	0.8866325866712115
899	1.9063185453414917	2.96023864357862	-7.401094019412994	23.63436050076425	10	901	1	1.9063185453414917	-7.401094019412994	3.634050396312901	54.77619268419079	None	None	None	None	None	None
900	0.7591370940208435	2.7676451983590233	-2.7057941555976868	15.790891337428338	10	901	1	0.7591370940208435	-2.7057941555976868	0.576289127518411	7.321322012466599	None	None	None	None	None	None
901	1.7764111757278442	3.222754285717528	5.3554564118385315	12.799746762398659	10	901	1	1.7764111757278442	5.3554564118385315	3.155636665250782	28.68091337910244	None	None	None	None	None	None
902	-0.754181981086731	1.8031737394985754	-1.8949865102767944	14.60675548354341	10	901	2	1.0222291946411133	3.460469901561737	3.724427125846688	32.27188725323346	None	None	None	None	None	None
903	-4.966908872127533	15.50113189411758	0.04763472080230713	7.14508711931127	10	901	3	-3.9446796774864197	3.508104622364044	28.39461086986589	32.27415631985937	0	0.27853997315517076	-2.860545426607132	-0.9236758947372437	2.106363445520401	0.9713106155395508
904	1.6534228324890137	3.2995195276431843	-2.3420581817626953	16.363412615118932	10	901	4	-2.291256844997406	1.1660464406013489	31.128417932861883	37.759392846620955	0	0.49306632812040263	-1.35588934024175	-1.3964699904123943	1.9346607609030357	0.7334955311328696
905	-4.9931520819664	10.392440742825915	-26.64743399620056	144.25859168318138	10	901	5	-7.284408926963806	-25.481387555599213	56.05998564650728	747.8451314284863	0	0.2332308107457397	-2.2652050256729126	-7.709210991859436	1.6426536901185536	6.33401190387629
906	-1.9939748048782349	4.74401912533871	6.519876658916473	8.901822968276694	10	901	6	-9.278383731842041	-18.96151089668274	60.035921168996474	790.3539230759701	0	0.3359309987297981	-2.210958981513977	-4.863393461704254	1.27354988936553	5.671904573774708
907	5.100534796714783	4.638771741638678	8.710016787052155	17.92163359574953	10	901	7	-4.177848935127258	-10.251494109630585	86.05137638149478	866.2183155067005	0	0.3888188159771514	-0.9923766851425171	-2.6011584202448526	1.601945388217685	5.15409627178336
908	2.131503701210022	1.5699001097675165	-7.726296544075012	14.970441233549089	10	901	8	-2.0463452339172363	-17.977790653705597	90.5946844097668	925.913973793686	0	0.28354763578667186	-0.5461080585207257	-3.333321009363447	1.425544254156378	4.417109208074399
909	1.3589107990264893	1.1960919871525277	2.072385311126709	3.0927988412343552	10	901	9	-0.6874344348907471	-15.905405342578888	92.44132296947761	930.2087546714597	0	0.2903969787913251	-0.3079807013273239	-2.6576077193021774	1.2573133872120394	3.8845500083545277
910	2.553925633430481	1.8133112260964452	3.9897149801254272	4.982936101185452	10	901	10	1.8664911985397339	-11.91569036245346	98.9638591105709	946.1265802940969	0	0.3068565492260111	0.010008891423543295	-1.9190163082546658	1.1535411713270405	3.504564592136447
911	-0.20914781093597412	4.0818805935529525	1.9068167209625244	3.936653904045869	10	901	11	1.6573433876037598	-10.008873641490936	99.0076019173902	949.7625303014391	0	0.32806212441634963	-0.011906778812408448	-1.5364330053329467	1.0319913196142394	3.1578391928721916
912	0.20407235622406006	1.1541169544287726	3.8695998191833496	6.046251112415234	10	915	4	3.907760977745056	11.83851683139801	8.454563034198245	38.82235926837707	1	0.03210675581052208	0.976940244436264	2.9596292078495026	0.6216184567590138	0.5616003232247392
913	-2.279350161552429	3.4989336983335164	5.139912366867065	7.858792438311298	10	915	1	-2.279350161552429	5.139912366867065	5.195437158969085	26.418699139073	None	None	None	None	None	None
914	3.30832040309906	2.090377411385006	-13.791190147399902	75.92101718837057	10	915	1	3.30832040309906	-13.791190147399902	10.944983889561527	190.19692568174014	None	None	None	None	None	None
915	-1.0623186826705933	4.313763996072069	-113.55613040924072	2098.123118468964	10	915	1	-1.0623186826705933	-113.55613040924072	1.1285209835509846	12894.994753520485	None	None	None	None	None	None
916	2.888715922832489	2.2225529237623114	4.943508505821228	4.439113650163129	10	915	2	1.8263972401618958	-108.6126219034195	9.473200666376943	12919.433029867612	None	None	None	None	None	None
917	0.8429882526397705	0.49277552153699844	4.900143802165985	13.235339865190827	10	915	3	2.6693854928016663	-103.71247810125351	10.183829860465597	12943.444439149518	0	0.10283201107439044	1.8658520877361298	4.921826153993607	1.0228638350963593	0.02168235182760098
918	3.9502246379852295	3.200017900134128	-10.739139020442963	67.08381654165548	10	915	4	6.619610130786896	-114.45161712169647	25.788104551011134	13058.773546049917	0	0.3217786623220173	2.560642937819163	-0.2984955708185832	0.9118577011108229	5.22033673422252
919	-5.990622401237488	20.79682200403188	-6.841397166252136	23.70304520491102	10	915	5	0.628987729549408	-121.29301428794861	61.675661305219535	13105.57826123632	0	0.31817510863291276	0.4228266030550003	-1.9342209696769714	2.232935492736419	4.037518469283695
920	-3.440114140510559	8.414545310998008	-42.574387431144714	1125.9741989216768	10	915	6	-2.811126410961151	-163.86740171909332	73.51004660496024	14918.156726373534	0	0.16853798726755487	-0.3497615456581116	-10.06225426197052	1.8943318073571944	8.70895277484707
921	-6.959165453910828	53.293992776482085	2.549531102180481	5.776787617454275	10	915	7	-9.770291864871979	-161.31787061691284	121.94003041986613	14924.656835214519	0	0.21697087793191477	-1.4513288637002308	-7.96029003461202	1.8988889436778438	7.414995565481196
922	0.16299653053283691	1.2891601290931192	0.3306329846382141	4.593774741276551	10	915	8	-9.607295334339142	-160.98723763227463	121.96659828883188	14924.76615338505	0	0.2154697731992127	-1.2207109502383642	-6.775872460433415	1.6213393253804675	6.377759471237203
923	-3.242914915084839	4.778770384219513	4.787338972091675	6.739784494526901	10	926	3	-10.03908383846283	7.66750305891037	58.973048830351345	29.528041445224165	1	0.046540219251646725	-3.34636127948761	2.5558343529701233	2.0566415743386712	1.2865440610253462
924	1.2329000234603882	1.9771966459808965	-22.027411222457886	193.30704606415736	10	926	1	1.2329000234603882	-22.027411222457886	1.5200424678486257	485.2068451632636	None	None	None	None	None	None
925	-4.803800463676453	12.250237145843826	4.394404470920563	13.165976611767082	10	926	1	-4.803800463676453	4.394404470920563	23.0764988948181	19.31079065404663	None	None	None	None	None	None
926	-0.3014286756515503	2.472368349403453	-47.105634808540344	473.4554847995995	10	926	1	-0.3014286756515503	-47.105634808540344	0.09085924650504751	2218.9408307155677	None	None	None	None	None	None
927	2.323935031890869	1.2161739267496614	3.0362324118614197	8.812162236923005	10	926	2	2.022506356239319	-44.069402396678925	5.4915332789546625	2228.1595379744053	None	None	None	None	None	None
928	3.324541211128235	3.0471337412814847	2.715722680091858	44.12011695088124	10	926	3	5.347047567367554	-41.35367971658707	16.544107543444653	2235.534687649571	0	0.4687513810067788	2.824238121509552	2.875977545976639	0.5003030896186829	0.16025486588478366
929	-5.031516671180725	16.560466355483427	-2.744834065437317	43.243328177829014	10	926	4	0.3155308961868286	-44.09851378202438	41.86026755581422	2243.068801696356	0	0.4106526263236319	0.20565319061279297	1.0023736755053203	2.6344679603568757	1.8758869912990555
930	-3.8683568835258484	10.854694906748808	-14.17987596988678	66.8908741003106	10	926	5	-3.5528259873390198	-58.27838975191116	56.82445253413603	2444.1376842177283	0	0.3428191661340808	-0.8128493279218674	-2.7931887358427048	2.123101056788137	4.020667857520755
931	5.433031797409058	4.5747220840900695	7.1465476751327515	18.751407452957622	10	926	6	1.8802058100700378	-51.13184207677841	86.34228704579392	2495.210827890674	0	0.3895782636013687	0.4363268971443176	-0.8052414536476136	2.0651818563195707	3.6947796157669774
932	-0.07244163751602173	2.3178286388778737	-257.92781406641006	15078.249710358881	10	926	7	1.8077641725540161	-309.0596561431885	86.34753483663994	69021.96809696726	0	0.1764707278659536	0.3515321413675944	-43.65900355577469	1.6883446183727615	42.959816773877115
933	-19.664697289466858	116.18366845266662	-146.03951930999756	4704.075418578953	10	926	8	-17.856933116912842	-455.09917545318604	473.0478543230051	90349.50929726241	0	0.10267716029529622	-2.50792920589447	-58.28479152066367	3.1957152592481837	39.14282455933966
934	-30.41078555583954	291.87130562472913	-2.4902955293655396	15.846898525817394	10	926	9	-48.26771867275238	-457.5894709825516	1397.8637324462636	90355.71086908599	0	0.11760434064113742	-5.995786249637604	-51.310479521751404	4.4524817541717505	34.60869202556786
935	-12.669662833213806	39.73561909545863	6.7279051542282104	14.558848689376205	10	926	10	-60.93738150596619	-450.86156582832336	1558.3840887535828	90400.97557685028	0	0.13000969697900236	-6.737328092257182	-44.86177011330923	3.9961247219139584	31.195803890471854
936	-0.11734151840209961	6.6393813630300755	3.0615509152412415	11.298423051351651	10	926	11	-61.054723024368286	-447.8000149130821	1558.397857785524	90410.3486708569	0	0.13206457565282698	-6.075329434871674	-40.06943801045418	3.635031286915389	28.310934129453905
937	2.0112500190734863	1.4945708218010054	7.832011580467224	7.933122076080096	10	926	12	-59.0434730052948	-439.9680033326149	1562.4429844247468	90471.68907625347	0	0.1365698475060099	-5.340185848149386	-35.71476077491587	3.369190206667845	25.975821403800207
938	-0.08226573467254639	0.7156978402693	5.331679344177246	3.973787183876283	10	941	3	1.8116427659988403	16.22524183988571	4.065663322265223	99.1403040323135	1	0.04495601309396742	0.6038809219996134	5.408413946628571	0.7037573940878482	1.377647740295888
939	2.012910008430481	0.6404926101528048	4.980155885219574	5.324048501825477	10	941	1	2.012910008430481	4.980155885219574	4.051806702039599	24.80195264108716	None	None	None	None	None	None
940	1.34207022190094	2.656678009472458	0.4238327741622925	13.399611744821712	10	941	1	1.34207022190094	0.4238327741622925	1.8011524805132382	0.17963422045410482	None	None	None	None	None	None
941	5.034081697463989	3.854920026244457	8.819077134132385	14.910595605978799	10	941	1	5.034081697463989	8.819077134132385	25.34197853674192	77.77612149777669	None	None	None	None	None	None
942	3.328226923942566	12.422227585778003	-65.24350374937057	940.5756622960395	10	941	2	8.362308621406555	-56.42442661523819	36.419072993998114	4334.490902991909	None	None	None	None	None	None
943	2.9736741185188293	3.831566424785283	-34.939109206199646	203.79941600292216	10	941	3	11.335982739925385	-91.36353582143784	45.26181075714685	5555.2322551146535	0	0.08826021566231908	3.1509505212306976	-50.09130647778511	0.17727640271187078	15.152197271585463
944	1.4322611093521118	1.2689153027179572	-3.1079169511795044	20.88283187328487	10	941	4	12.768243849277496	-94.47145277261734	47.31318264250939	5564.891402890083	0	0.0876645413986241	2.578054050604502	-34.430176635583244	0.581967359086491	17.938803805902257
945	-6.279484927654266	22.604730859606537	-4.6368114948272705	93.46770497886695	10	941	5	6.48875892162323	-99.10826426744461	86.74511359914649	5586.391423728645	0	0.08171522882359245	0.3636693060398102	-26.98183535039425	2.2522972273840525	14.70979703782406
946	-17.677764356136322	65.18438210235558	-15.206580400466919	124.65072030280996	10	941	6	-11.189005434513092	-114.31484466791153	399.24846623023035	5817.63151120451	0	0.07864428471236075	-3.244617426395416	-24.626784360408784	4.007922008192926	11.634996454740243
947	-2.8716355562210083	7.0232863828140495	8.396415829658508	15.728741461609857	10	941	7	-14.0606409907341	-105.91842883825302	407.4947569979831	5888.13130998905	0	0.1114220321655718	-3.1824537813663483	-19.122917662064236	3.2730449942830675	10.979130671461416
948	1.3677735328674316	0.4566340083368914	3.9450684785842896	3.562577165795929	10	941	8	-12.692867457866669	-101.97336035966873	409.36556143519573	5903.69487528977	0	0.12109526010863984	-2.5324213079043796	-15.827491070543017	2.8415768557237175	9.846866118182403
949	1.907079815864563	0.7332480047987957	4.695175290107727	4.385650793447596	10	952	3	0.40321779251098633	17.036659598350525	13.75404862904341	108.10803509009752	1	0.036488092402651294	0.13440593083699545	5.678886532783508	1.5110621962883666	1.3759105066226647
950	2.29934561252594	1.3549468960716666	-3.818864583969116	15.36619774078315	10	952	1	2.29934561252594	-3.818864583969116	5.28699024584229	14.583726710693611	None	None	None	None	None	None
951	-0.4896094799041748	0.90798610507332	-1.8508267402648926	7.386024223351484	10	952	1	-0.4896094799041748	-1.8508267402648926	0.23971744281203655	3.425559622479568	None	None	None	None	None	None
952	1.6938283443450928	0.9665298352353204	5.202304720878601	7.27091052628775	10	952	1	1.6938283443450928	5.202304720878601	2.869054460106838	27.06397440887578	None	None	None	None	None	None
953	1.132939100265503	1.2126132531596454	2.818906545639038	9.76245797068492	10	952	2	2.8267674446105957	8.02121126651764	4.1526054650172455	35.010208521922394	None	None	None	None	None	None
954	2.807949423789978	2.0852389614601208	3.9196146726608276	7.8196198732445765	10	952	3	5.634716868400574	11.940825939178467	12.037185431579715	50.37358770406044	0	0.19788243142311884	1.9704442620277405	3.369260609149933	0.8375051617622375	0.5503540635108948
955	2.263769507408142	2.863690603580821	-10.815472900867462	45.653551184407476	10	952	4	7.898486375808716	1.1253530383110046	17.161837814250617	167.34804177345887	0	0.27331997191087753	2.0682193438212075	-1.3589838941891987	0.4933203137372813	4.738909081398837
956	-53.5736300945282	884.0260365033222	-2047.607689499855	688501.8713336058	10	952	5	-45.67514371871948	-2046.482336461544	2887.2956793195876	4192864.5981407086	0	0.19986234794296168	-11.842243015766144	-512.9211602956057	13.914835447229313	511.5731511271822
957	-180.09634065628052	6526.175025238648	-237.57015538215637	10656.250589593263	10	952	6	-225.771484375	-2284.0524918437004	35321.98759710263	4249304.17686901	0	0.18129220424341094	-45.493062543869016	-457.8509593129158	35.33484459039026	400.0712191707755
958	5.970505475997925	22.660208283269725	-0.13779586553573608	103.32746853660646	10	952	7	-219.80097889900208	-2284.190287709236	35357.63453274155	4249304.19585671	0	0.17654423655131612	-36.915801207224526	-381.5654320716858	30.098785803668516	335.44617343522185
959	-0.3668801188468933	11.232977615595392	-55.43721616268158	664.8614967157206	10	952	8	-220.16785901784897	-2339.6275038719177	35357.769133763155	4252377.480792578	0	0.16680031995912617	-31.694526766027725	-334.97568694182803	25.96843270975538	287.30643342717855
960	-57.138046979904175	814.1996764623307	-143.12644189596176	4775.33384100516	10	952	9	-277.30590599775314	-2482.7539457678795	38622.52554644089	4272862.659162376	0	0.15383999724737285	-34.87496679276228	-310.99453131109476	22.713098023265676	249.96766959322915
961	-13.749609112739563	50.691600855690425	1.9699782133102417	10.775951040834585	10	952	10	-291.0555151104927	-2480.7839675545692	38811.577297194024	4272866.539976537	0	0.15424617697774656	-32.52770482831531	-276.22069691949423	20.16812804971961	223.17651880611322
962	-7.318413019180298	12.476274501396972	-0.9594824314117432	2.1039543968670955	10	952	11	-298.373928129673	-2481.743449985981	38865.13646631333	4272867.460583073	0	0.15393272606472785	-30.00677564740181	-248.69457547068595	18.21421958688021	201.50407985732414
963	-3.042358636856079	4.412437027747217	-0.19645464420318604	0.7210773410290727	10	952	12	-301.4162867665291	-2481.939904630184	38874.39241238858	4272867.499177501	0	0.1534655103942905	-27.55546501007947	-226.103837213733	16.656743975936763	183.66194335276515
964	0.962285041809082	1.6438389427374034	1.3663609027862549	3.366132862283564	10	952	13	-300.45400172472	-2480.573543727398	38875.31840489028	4272869.366119618	0	0.15290488819195094	-25.178985839088757	-207.14798737068972	15.390048293732137	168.72783441596295
965	-2.2988181114196777	0.8869158784763158	-0.5749707221984863	1.0651732932219602	10	952	14	-302.7528198361397	-2481.1485144495964	38880.60296959966	4272869.696710949	0	0.15255543275085168	-23.418972936960365	-191.25775532080576	14.265770872754343	156.01834121555555
966	1.1822072267532349	0.6334104245916734	2.7198342084884644	1.4264610009147844	10	952	15	-301.57061260938644	-2478.428680241108	38882.00058352665	4272877.09420907	0	0.15230731288951146	-21.661745782409394	-177.40221321157046	13.323921786837797	145.10792491103533
967	0.9492087364196777	0.5308967068557422	1.8874605894088745	0.7309526972401983	10	970	7	-23.315497875213623	6.21272611618042	260.3760343110549	17.99755417061789	1	0.0490718527142364	-3.330785410744803	0.8875323023114886	2.085763044935845	0.5451858367542813
968	-0.0897752046585083	0.11754352264826196	1.1895020008087158	0.5070711838919237	10	970	1	-0.0897752046585083	1.1895020008087158	0.00805958737147705	1.4149150099279382	None	None	None	None	None	None
969	2.1522756814956665	0.7943195978071032	2.4346612095832825	22.719032125954858	10	970	1	2.1522756814956665	2.4346612095832825	4.632290609157636	5.927575205449532	None	None	None	None	None	None
970	0.813774824142456	1.655911185830547	4.334028720855713	3.2499908975775327	10	970	1	0.813774824142456	4.334028720855713	0.6622294644080853	18.783804953202207	None	None	None	None	None	None
971	0.05698275566101074	1.6317964883473053	3.9726709127426147	2.532489101132441	10	970	2	0.8707575798034668	8.306699633598328	0.6654764988508077	34.56591913415345	None	None	None	None	None	None
972	1.8345017433166504	2.609125279771632	1.3448655009269714	8.055368395601992	10	970	3	2.705259323120117	9.651565134525299	4.030873145082637	36.374582349737	0	0.23777624313478857	0.9457422494888306	2.658768206834793	0.8887594938278198	1.3139027059078217
973	-1.6677830219268799	5.951187313046319	-1.5357101559638977	11.831808608078209	10	970	4	1.0374763011932373	8.115854978561401	6.812373353310193	38.73298803286766	0	0.286917085704682	0.07456715901692708	1.2606087525685628	1.0110607552871176	1.5906906151369207
974	0.7825145721435547	0.7853829030763109	2.4477096796035767	3.827928942868354	10	970	5	1.819990873336792	10.563564658164978	7.424702408927203	44.7242707084927	0	0.19323130862174995	0.251554012298584	1.5573839843273163	0.7365095190664009	1.1632815027876096
975	-0.2281198501586914	0.2199397832376917	1.5461524724960327	0.6383047046150665	10	970	6	1.5918710231781006	12.10971713066101	7.476741074963627	47.1148581766983	0	0.11953556370243769	0.1556192398071289	1.5551376819610596	0.5785077731355387	0.9010767773675006
976	1.1601365804672241	0.21387605967875345	1.8625291585922241	0.8876336813524262	10	979	3	1.7145313024520874	5.8563913106918335	2.0102846069916183	11.850885010436897	1	0.03365888657255926	0.5715104341506958	1.9521304368972778	0.4144096359003307	0.2640849870952616
977	0.5413773059844971	0.8146000700224363	1.890331506729126	4.770331942139421	10	979	1	0.5413773059844971	1.890331506729126	0.29308938743503177	3.5733532053328076	None	None	None	None	None	None
978	0.6994920969009399	0.08089358680594216	1.3524901866912842	1.2241935080261612	10	979	1	0.6994920969009399	1.3524901866912842	0.48928919362687395	1.8292297050962247	None	None	None	None	None	None
979	0.9655917882919312	4.128766361007777	-68.92916238307953	803.6122911588523	10	979	1	0.9655917882919312	-68.92916238307953	0.9323675016168096	4751.229426832946	None	None	None	None	None	None
980	-4.931195318698883	6.087680020838636	-65.33329403400421	787.2325583672392	10	979	2	-3.965603530406952	-134.26245641708374	25.24905477277459	9019.668736166597	None	None	None	None	None	None
981	-9.083655059337616	34.408244484818866	-56.2187362909317	701.15042805339	10	984	2	-14.014850378036499	-121.55203032493591	106.82947650818764	7428.985619482972	-1	0.02956173929986669	-7.0074251890182495	-60.77601516246796	2.0762298703193656	4.557278871536249
982	8.237902998924255	20.987903116655687	-55.81203997135162	775.6604911782542	10	984	1	8.237902998924255	-55.81203997135162	67.86304581968524	3114.983805763751	None	None	None	None	None	None
983	-0.024745821952819824	0.35964979485403603	1.1928644180297852	1.6400979885719664	10	984	1	-0.024745821952819824	1.1928644180297852	0.0006123557041206595	1.422925519801538	None	None	None	None	None	None
984	2.4156813621520996	9.26782620255571	2.579851269721985	15.192206803644424	10	984	1	2.4156813621520996	2.579851269721985	5.835516443449023	6.6556325738861375	None	None	None	None	None	None
985	-0.32687509059906006	0.6528033921441221	1.5166311264038086	5.1436850211024705	10	984	2	2.0888062715530396	4.0964823961257935	5.942363768303167	8.955802547463023	None	None	None	None	None	None
986	-0.6670702695846558	0.09664531397693565	0.4548534154891968	0.21822865035268535	10	984	3	1.4217360019683838	4.55133581161499	6.3873465128669125	9.16269417704521	0	0.11447399621570628	-0.4969726800918579	0.9857422709465027	0.17009758949279785	0.5308888554573059
987	0.0826268196105957	0.09501270619102797	1.1233596801757812	0.6198617844667069	10	990	3	-0.9113185405731201	3.0948442220687866	0.558657260736851	3.7689985742037067	1	0.019304945302735275	-0.3037728468577067	1.0316147406895955	0.21672695312794846	0.3099224780972177
988	1.1166114807128906	0.27344451950966686	1.083174467086792	0.5897340991478472	10	990	1	1.1166114807128906	1.083174467086792	1.2468211988598341	1.1732669261487558	None	None	None	None	None	None
989	1.0193066596984863	0.33086781709994284	-0.23089706897735596	3.240873675532683	10	990	1	1.0193066596984863	-0.23089706897735596	1.0389860665056858	0.053313456462333875	None	None	None	None	None	None
990	1.5569915771484375	0.8244689574712538	1.6743547916412354	4.423174011193652	10	990	1	1.5569915771484375	1.6743547916412354	2.424222771311179	2.8034639682919646	None	None	None	None	None	None
991	1.8185837268829346	0.9406770724345392	1.3678418397903442	0.8935930553050326	10	990	2	3.375575304031372	3.0421966314315796	5.731469542994603	4.674455266972998	None	None	None	None	None	None
992	0.8646481037139893	0.16358700079041455	1.8796958923339844	6.355082416270278	10	990	3	4.240223407745361	4.921892523765564	6.4790858862508	8.207711914630252	0	0.3470491308638295	1.341615915298462	1.6237688660621643	0.47696781158447266	0.25592702627182007
993	4.818183183670044	5.367551739671171	-16.801088869571686	252.34414659079823	10	990	4	9.058406591415405	-11.879196345806122	29.6939750776516	290.4842991178758	0	0.18931732813645508	2.5004716714223227	-4.517850379149119	1.1911252780168138	6.143396441226551
994	0.34004902839660645	0.32704689760444694	0.5794624090194702	0.14203610429099456	10	990	5	9.398455619812012	-11.299733936786652	29.809608419365077	290.82007580134245	0	0.1717073868610474	1.9603660106658936	-3.2435221821069717	1.0005517671497337	4.527093136971474
995	1.265043020248413	0.6726791182616694	-127.61102175712585	3560.612288898155	10	990	6	10.663498640060425	-138.9107556939125	31.409942262444304	16575.39294969899	0	0.14970386755338505	1.8213014125823974	-28.11702209711075	0.7874015911134529	25.119469369080658
996	0.04392552375793457	0.00046616684807077036	0.06330037117004395	0.0013781557735796923	10	990	7	10.70742416381836	-138.84745532274246	31.411871714081713	16575.39695663598	0	0.14465126291898653	1.5250720977783203	-23.420301685730617	0.7078742713749557	21.040857322808776
997	0.003496408462524414	0.00012318641103092887	0.026406049728393555	0.0002627862442636797	10	990	8	10.710920572280884	-138.82104927301407	31.41188393895385	16575.397653915446	0	0.14120149845770297	1.307704142161778	-20.07077200923647	0.6365276020584012	18.095476260933218
998	0.019414424896240234	0.00017763899609235523	0.10189437866210938	0.0027989023078589526	10	990	9	10.730334997177124	-138.71915489435196	31.4122608588479	16575.40803637985	0	0.1388138617707135	1.1466679275035858	-17.54918871074915	0.5742893030242711	15.872714895811255
999	0.06283235549926758	0.0031348384411558072	0.5766410827636719	0.10411195964343278	10	990	10	10.793167352676392	-138.1425138115883	31.416208763745487	16575.74055131818	0	0.13779065052965336	1.0262417528364394	-15.535207622581058	0.5205957694882299	14.142554482276562
1000	0.17134761810302734	0.012898823895056921	0.17324233055114746	0.01750274305476296	10	990	11	10.964514970779419	-137.96927148103714	31.44556876997507	16575.770564223272	0	0.13630630408992273	0.9407523393630981	-13.964362627267837	0.4734177901000866	12.746647866267793
1001	0.022734403610229492	0.0007344520193441895	0.15550732612609863	0.016294277166650772	10	990	12	10.987249374389648	-137.81376415491104	31.44608562308258	16575.79474675175	0	0.1353071136158464	0.8572961633855646	-12.680738086050207	0.4362790914755423	11.60101052820455
1002	0.15531253814697266	0.010360886449120699	0.6236324310302734	0.08922265459841583	10	990	13	11.142561912536621	-137.19013172388077	31.470207607588236	16576.183664160784	0	0.1351166483787754	0.7987975279490153	-11.572040542960167	0.4025398055640487	10.648102239600316
1003	0.2509958744049072	0.017236360941581097	0.24408221244812012	0.02438950001220519	10	1006	5	0.6632227897644043	1.7731053829193115	0.12094567770861886	0.8352039073708397	1	0.04912360734405826	0.13264455795288085	0.3546210765838623	0.040603438238678145	0.10159315124144738
1004	0.2969334125518799	0.018331533913112708	0.41794919967651367	0.07548950420289202	10	1006	1	0.2969334125518799	0.41794919967651367	0.0881694514897049	0.1746815335102383	None	None	None	None	None	None
1005	0.07997000217437744	0.01447274871033244	-22.52793526649475	202.72436286707938	10	1006	1	0.07997000217437744	-22.52793526649475	0.006395201247769933	507.5078673713779	None	None	None	None	None	None
1006	-91.44828045368195	2175.590870481457	nan	nan	10	1006	1	-91.44828045368195	nan	8362.787997935267	nan	None	None	None	None	None	None
1007	-inf	inf	-inf	inf	10	1006	2	-inf	nan	inf	nan	None	None	None	None	None	None
